--------- beginning of main
09-11 21:55:21.705   441   536 I AS.AudioService: Audioserver started.
09-11 21:55:21.706   441   536 I android_os_HwBinder: HwBinder: Starting thread pool for getting: android.hidl.manager@1.0::IServiceManager/default
09-11 21:55:21.710  2577  2577 I chatty  : uid=1041(audioserver) /vendor/bin/hw/android.hardware.audio.service expire 281 lines
09-11 21:55:21.749  2577  2577 I AUDIOALG: comp thresh  = -8.00 dB
09-11 21:55:21.749  2577  2577 I AUDIOALG: comp gainMin = -40.00 dB
09-11 21:55:21.749  2577  2577 I AUDIOALG: lim bypassed= 0
09-11 21:55:21.749  2577  2577 I AUDIOALG: lim inVol   = 6.00 dB
09-11 21:55:21.749  2577  2577 I AUDIOALG: lim thresh  = -10.00 dB
09-11 21:55:21.749  2577  2577 I AUDIOALG: lim release = 220.00 ms
09-11 21:55:21.749  2577  2577 I AUDIOALG: lim lookahead time = 2.00 ms
09-11 21:55:21.749  2577  2577 I AUDIOALG: Band #3:
09-11 21:55:21.749  2577  2577 I AUDIOALG: comp bypass  = 0
09-11 21:55:21.749  2577  2577 I AUDIOALG: comp inVol   = -1.00 dB
09-11 21:55:21.749  2577  2577 I AUDIOALG: comp ratio   = 2.00
09-11 21:55:21.749  2577  2577 I AUDIOALG: comp thresh  = -3.00 dB
09-11 21:55:21.749  2577  2577 I AUDIOALG: comp gainMin = -40.00 dB
09-11 21:55:21.749  2577  2577 I AUDIOALG: lim bypassed= 0
09-11 21:55:21.749  2577  2577 I AUDIOALG: lim inVol   = 0.00 dB
09-11 21:55:21.749  2577  2577 I AUDIOALG: lim thresh  = -3.00 dB
09-11 21:55:21.750  2577  2577 I AUDIOALG: lim release = 220.00 ms
09-11 21:55:21.750  2577  2577 I AUDIOALG: lim lookahead time = 2.00 ms
09-11 21:55:21.750  2577  2577 I AUDIOALG: Band #4:
09-11 21:55:21.750  2577  2577 I AUDIOALG: comp bypass  = 0
09-11 21:55:21.750  2577  2577 I AUDIOALG: comp inVol   = 0.00 dB
09-11 21:55:21.750  2577  2577 I AUDIOALG: comp ratio   = 1.00
09-11 21:55:21.750  2577  2577 I AUDIOALG: comp thresh  = 0.00 dB
09-11 21:55:21.750  2577  2577 I AUDIOALG: comp gainMin = -40.00 dB
09-11 21:55:21.750  2577  2577 I AUDIOALG: lim bypassed= 0
09-11 21:55:21.750  2577  2577 I AUDIOALG: lim inVol   = 0.00 dB
09-11 21:55:21.750  2577  2577 I AUDIOALG: lim thresh  = -3.00 dB
09-11 21:55:21.750  2577  2577 I AUDIOALG: lim release = 220.00 ms
09-11 21:55:21.750  2577  2577 I AUDIOALG: lim lookahead time = 2.00 ms
09-11 21:55:21.750  2577  2577 I AUDIOALG: FullBandLimiter:
09-11 21:55:21.750  2577  2577 I AUDIOALG: lim bypassed= 0
09-11 21:55:21.750  2577  2577 I AUDIOALG: lim inVol   = -5.00 dB
09-11 21:55:21.750  2577  2577 I AUDIOALG: lim thresh  = -1.00 dB
09-11 21:55:21.751  2577  2577 I AUDIOALG: lim release = 180.00 ms
09-11 21:55:21.751  2577  2577 I AUDIOALG: lim lookahead time = 2.00 ms
09-11 21:55:21.751  2577  2577 I AUDIOALG: ConfMBCL:
09-11 21:55:21.751  2577  2577 I AUDIOALG: bypass          = 0
09-11 21:55:21.751  2577  2577 I AUDIOALG: bypassPreFilter = 1
09-11 21:55:21.751  2577  2577 I AUDIOALG: inVol           = 13.00 dB
09-11 21:55:21.751  2577  2577 I AUDIOALG: numBands        = 4
09-11 21:55:21.751  2577  2577 I AUDIOALG: m_samplingRate  = 48000
09-11 21:55:21.751  2577  2577 I AUDIOALG: filterBankFC1     = 70.00 Hz
09-11 21:55:21.751  2577  2577 I AUDIOALG: filterBankFC2     = 250.00 Hz
09-11 21:55:21.751  2577  2577 I AUDIOALG: filterBankFC3     = 5000.00 Hz
09-11 21:55:21.751  2577  2577 I AUDIOALG: Band #1:
09-11 21:55:21.751  2577  2577 I AUDIOALG: comp bypass  = 0
09-11 21:55:21.751  2577  2577 I AUDIOALG: comp inVol   = 0.00 dB
09-11 21:55:21.751  2577  2577 I AUDIOALG: comp ratio   = 8.00
09-11 21:55:21.751  2577  2577 I AUDIOALG: comp thresh  = -30.00 dB
09-11 21:55:21.751  2577  2577 I AUDIOALG: comp gainMin = -40.00 dB
09-11 21:55:21.751  2577  2577 I AUDIOALG: lim bypassed= 0
09-11 21:55:21.751  2577  2577 I AUDIOALG: lim inVol   = 0.00 dB
09-11 21:55:21.751  2577  2577 I AUDIOALG: lim thresh  = -20.00 dB
09-11 21:55:21.751  2577  2577 I AUDIOALG: lim release = 220.00 ms
09-11 21:55:21.751  2577  2577 I AUDIOALG: lim lookahead time = 2.00 ms
09-11 21:55:21.751  2577  2577 I AUDIOALG: Band #2:
09-11 21:55:21.751  2577  2577 I AUDIOALG: comp bypass  = 0
09-11 21:55:21.751  2577  2577 I AUDIOALG: comp inVol   = 0.00 dB
09-11 21:55:21.751  2577  2577 I AUDIOALG: comp ratio   = 5.00
09-11 21:55:21.751  2577  2577 I AUDIOALG: comp thresh  = -8.00 dB
09-11 21:55:21.751  2577  2577 I AUDIOALG: comp gainMin = -40.00 dB
09-11 21:55:21.751  2577  2577 I AUDIOALG: lim bypassed= 0
09-11 21:55:21.751  2577  2577 I AUDIOALG: lim inVol   = 6.00 dB
09-11 21:55:21.751  2577  2577 I AUDIOALG: lim thresh  = -10.00 dB
09-11 21:55:21.751  2577  2577 I AUDIOALG: lim release = 220.00 ms
09-11 21:55:21.751  2577  2577 I AUDIOALG: lim lookahead time = 2.00 ms
09-11 21:55:21.751  2577  2577 I AUDIOALG: Band #3:
09-11 21:55:21.751  2577  2577 I AUDIOALG: comp bypass  = 0
09-11 21:55:21.751  2577  2577 I AUDIOALG: comp inVol   = -1.00 dB
09-11 21:55:21.751  2577  2577 I AUDIOALG: comp ratio   = 2.00
09-11 21:55:21.751  2577  2577 I AUDIOALG: comp thresh  = -3.00 dB
09-11 21:55:21.751  2577  2577 I AUDIOALG: comp gainMin = -40.00 dB
09-11 21:55:21.751  2577  2577 I AUDIOALG: lim bypassed= 0
09-11 21:55:21.751  2577  2577 I AUDIOALG: lim inVol   = 0.00 dB
09-11 21:55:21.751  2577  2577 I AUDIOALG: lim thresh  = -3.00 dB
09-11 21:55:21.751  2577  2577 I AUDIOALG: lim release = 220.00 ms
09-11 21:55:21.751  2577  2577 I AUDIOALG: lim lookahead time = 2.00 ms
09-11 21:55:21.751  2577  2577 I AUDIOALG: Band #4:
09-11 21:55:21.751  2577  2577 I AUDIOALG: comp bypass  = 0
09-11 21:55:21.751  2577  2577 I AUDIOALG: comp inVol   = 0.00 dB
09-11 21:55:21.751  2577  2577 I AUDIOALG: comp ratio   = 1.00
09-11 21:55:21.751  2577  2577 I AUDIOALG: comp thresh  = 0.00 dB
09-11 21:55:21.752  2577  2577 I AUDIOALG: comp gainMin = -40.00 dB
09-11 21:55:21.752  2577  2577 I AUDIOALG: lim bypassed= 0
09-11 21:55:21.752  2577  2577 I AUDIOALG: lim inVol   = 0.00 dB
09-11 21:55:21.752  2577  2577 I AUDIOALG: lim thresh  = -3.00 dB
09-11 21:55:21.752  2577  2577 I AUDIOALG: lim release = 220.00 ms
09-11 21:55:21.752  2577  2577 I AUDIOALG: lim lookahead time = 2.00 ms
09-11 21:55:21.752  2577  2577 I AUDIOALG: FullBandLimiter:
09-11 21:55:21.752  2577  2577 I AUDIOALG: lim bypassed= 0
09-11 21:55:21.752  2577  2577 I AUDIOALG: lim inVol   = -3.00 dB
09-11 21:55:21.752  2577  2577 I AUDIOALG: lim thresh  = -1.00 dB
09-11 21:55:21.752  2577  2577 I AUDIOALG: lim release = 180.00 ms
09-11 21:55:21.752  2577  2577 I AUDIOALG: lim lookahead time = 2.00 ms
09-11 21:55:21.752  2577  2577 I AUDIOALG: ConfMBCL:
09-11 21:55:21.752  2577  2577 I AUDIOALG: bypass          = 0
09-11 21:55:21.752  2577  2577 I AUDIOALG: bypassPreFilter = 1
09-11 21:55:21.752  2577  2577 I AUDIOALG: inVol           = 13.00 dB
09-11 21:55:21.752  2577  2577 I AUDIOALG: numBands        = 4
09-11 21:55:21.752  2577  2577 I AUDIOALG: m_samplingRate  = 48000
09-11 21:55:21.752  2577  2577 I AUDIOALG: filterBankFC1     = 70.00 Hz
09-11 21:55:21.752  2577  2577 I AUDIOALG: filterBankFC2     = 250.00 Hz
09-11 21:55:21.752  2577  2577 I AUDIOALG: filterBankFC3     = 5000.00 Hz
09-11 21:55:21.752  2577  2577 I AUDIOALG: Band #1:
09-11 21:55:21.752  2577  2577 I AUDIOALG: comp bypass  = 0
09-11 21:55:21.752  2577  2577 I AUDIOALG: comp inVol   = 0.00 dB
09-11 21:55:21.752  2577  2577 I AUDIOALG: comp ratio   = 8.00
09-11 21:55:21.752  2577  2577 I AUDIOALG: comp thresh  = -30.00 dB
09-11 21:55:21.752  2577  2577 I AUDIOALG: comp gainMin = -40.00 dB
09-11 21:55:21.752  2577  2577 I AUDIOALG: lim bypassed= 0
09-11 21:55:21.752  2577  2577 I AUDIOALG: lim inVol   = 0.00 dB
09-11 21:55:21.752  2577  2577 I AUDIOALG: lim thresh  = -20.00 dB
09-11 21:55:21.752  2577  2577 I AUDIOALG: lim release = 220.00 ms
09-11 21:55:21.752  2577  2577 I AUDIOALG: lim lookahead time = 2.00 ms
09-11 21:55:21.752  2577  2577 I AUDIOALG: Band #2:
09-11 21:55:21.752  2577  2577 I AUDIOALG: comp bypass  = 0
09-11 21:55:21.752  2577  2577 I AUDIOALG: comp inVol   = 0.00 dB
09-11 21:55:21.752  2577  2577 I AUDIOALG: comp ratio   = 5.00
09-11 21:55:21.752  2577  2577 I AUDIOALG: comp thresh  = -8.00 dB
09-11 21:55:21.752  2577  2577 I AUDIOALG: comp gainMin = -40.00 dB
09-11 21:55:21.752  2577  2577 I AUDIOALG: lim bypassed= 0
09-11 21:55:21.752  2577  2577 I AUDIOALG: lim inVol   = 6.00 dB
09-11 21:55:21.752  2577  2577 I AUDIOALG: lim thresh  = -10.00 dB
09-11 21:55:21.752  2577  2577 I AUDIOALG: lim release = 220.00 ms
09-11 21:55:21.752  2577  2577 I AUDIOALG: lim lookahead time = 2.00 ms
09-11 21:55:21.752  2577  2577 I AUDIOALG: Band #3:
09-11 21:55:21.752  2577  2577 I AUDIOALG: comp bypass  = 0
09-11 21:55:21.752  2577  2577 I AUDIOALG: comp inVol   = -1.00 dB
09-11 21:55:21.752  2577  2577 I AUDIOALG: comp ratio   = 2.00
09-11 21:55:21.752  2577  2577 I AUDIOALG: comp thresh  = -3.00 dB
09-11 21:55:21.752  2577  2577 I AUDIOALG: comp gainMin = -40.00 dB
09-11 21:55:21.752  2577  2577 I AUDIOALG: lim bypassed= 0
09-11 21:55:21.752  2577  2577 I AUDIOALG: lim inVol   = 0.00 dB
09-11 21:55:21.752  2577  2577 I AUDIOALG: lim thresh  = -3.00 dB
09-11 21:55:21.752  2577  2577 I AUDIOALG: lim release = 220.00 ms
09-11 21:55:21.752  2577  2577 I AUDIOALG: lim lookahead time = 2.00 ms
09-11 21:55:21.752  2577  2577 I AUDIOALG: Band #4:
09-11 21:55:21.752  2577  2577 I AUDIOALG: comp bypass  = 0
09-11 21:55:21.752  2577  2577 I AUDIOALG: comp inVol   = 0.00 dB
09-11 21:55:21.752  2577  2577 I AUDIOALG: comp ratio   = 1.00
09-11 21:55:21.753  2577  2577 I AUDIOALG: comp thresh  = 0.00 dB
09-11 21:55:21.753  2577  2577 I AUDIOALG: comp gainMin = -40.00 dB
09-11 21:55:21.753  2577  2577 I AUDIOALG: lim bypassed= 0
09-11 21:55:21.753  2577  2577 I AUDIOALG: lim inVol   = 0.00 dB
09-11 21:55:21.753  2577  2577 I AUDIOALG: lim thresh  = -3.00 dB
09-11 21:55:21.753  2577  2577 I AUDIOALG: lim release = 220.00 ms
09-11 21:55:21.753  2577  2577 I AUDIOALG: lim lookahead time = 2.00 ms
09-11 21:55:21.753  2577  2577 I AUDIOALG: FullBandLimiter:
09-11 21:55:21.753  2577  2577 I AUDIOALG: lim bypassed= 0
09-11 21:55:21.753  2577  2577 I AUDIOALG: lim inVol   = -3.00 dB
09-11 21:55:21.753  2577  2577 I AUDIOALG: lim thresh  = -1.00 dB
09-11 21:55:21.753  2577  2577 I AUDIOALG: lim release = 180.00 ms
09-11 21:55:21.753  2577  2577 I AUDIOALG: lim lookahead time = 2.00 ms
09-11 21:55:21.753  2577  2577 I AUDIOALG: ConfMBCL:
09-11 21:55:21.753  2577  2577 I AUDIOALG: bypass          = 0
09-11 21:55:21.753  2577  2577 I AUDIOALG: bypassPreFilter = 1
09-11 21:55:21.753  2577  2577 I AUDIOALG: inVol           = 13.00 dB
09-11 21:55:21.753  2577  2577 I AUDIOALG: numBands        = 4
09-11 21:55:21.753  2577  2577 I AUDIOALG: m_samplingRate  = 48000
09-11 21:55:21.753  2577  2577 I AUDIOALG: filterBankFC1     = 70.00 Hz
09-11 21:55:21.753  2577  2577 I AUDIOALG: filterBankFC2     = 250.00 Hz
09-11 21:55:21.753  2577  2577 I AUDIOALG: filterBankFC3     = 5000.00 Hz
09-11 21:55:21.753  2577  2577 I AUDIOALG: Band #1:
09-11 21:55:21.753  2577  2577 I AUDIOALG: comp bypass  = 0
09-11 21:55:21.753  2577  2577 I AUDIOALG: comp inVol   = 0.00 dB
09-11 21:55:21.753  2577  2577 I AUDIOALG: comp ratio   = 8.00
09-11 21:55:21.753  2577  2577 I AUDIOALG: comp thresh  = -30.00 dB
09-11 21:55:21.753  2577  2577 I AUDIOALG: comp gainMin = -40.00 dB
09-11 21:55:21.753  2577  2577 I AUDIOALG: lim bypassed= 0
09-11 21:55:21.753  2577  2577 I AUDIOALG: lim inVol   = 0.00 dB
09-11 21:55:21.753  2577  2577 I AUDIOALG: lim thresh  = -20.00 dB
09-11 21:55:21.753  2577  2577 I AUDIOALG: lim release = 220.00 ms
09-11 21:55:21.753  2577  2577 I AUDIOALG: lim lookahead time = 2.00 ms
09-11 21:55:21.753  2577  2577 I AUDIOALG: Band #2:
09-11 21:55:21.753  2577  2577 I AUDIOALG: comp bypass  = 0
09-11 21:55:21.753  2577  2577 I AUDIOALG: comp inVol   = 0.00 dB
09-11 21:55:21.753  2577  2577 I AUDIOALG: comp ratio   = 5.00
09-11 21:55:21.753  2577  2577 I AUDIOALG: comp thresh  = -8.00 dB
09-11 21:55:21.753  2577  2577 I AUDIOALG: comp gainMin = -40.00 dB
09-11 21:55:21.753  2577  2577 I AUDIOALG: lim bypassed= 0
09-11 21:55:21.753  2577  2577 I AUDIOALG: lim inVol   = 6.00 dB
09-11 21:55:21.753  2577  2577 I AUDIOALG: lim thresh  = -10.00 dB
09-11 21:55:21.753  2577  2577 I AUDIOALG: lim release = 220.00 ms
09-11 21:55:21.753  2577  2577 I AUDIOALG: lim lookahead time = 2.00 ms
09-11 21:55:21.753  2577  2577 I AUDIOALG: Band #3:
09-11 21:55:21.753  2577  2577 I AUDIOALG: comp bypass  = 0
09-11 21:55:21.753  2577  2577 I AUDIOALG: comp inVol   = -1.00 dB
09-11 21:55:21.753  2577  2577 I AUDIOALG: comp ratio   = 2.00
09-11 21:55:21.753  2577  2577 I AUDIOALG: comp thresh  = -3.00 dB
09-11 21:55:21.753  2577  2577 I AUDIOALG: comp gainMin = -40.00 dB
09-11 21:55:21.753  2577  2577 I AUDIOALG: lim bypassed= 0
09-11 21:55:21.753  2577  2577 I AUDIOALG: lim inVol   = 0.00 dB
09-11 21:55:21.753  2577  2577 I AUDIOALG: lim thresh  = -3.00 dB
09-11 21:55:21.753  2577  2577 I AUDIOALG: lim release = 220.00 ms
09-11 21:55:21.753  2577  2577 I AUDIOALG: lim lookahead time = 2.00 ms
09-11 21:55:21.753  2577  2577 I AUDIOALG: Band #4:
09-11 21:55:21.753  2577  2577 I AUDIOALG: comp bypass  = 0
09-11 21:55:21.754  2577  2577 I AUDIOALG: comp inVol   = 0.00 dB
09-11 21:55:21.754  2577  2577 I AUDIOALG: comp ratio   = 1.00
09-11 21:55:21.754  2577  2577 I AUDIOALG: comp thresh  = 0.00 dB
09-11 21:55:21.754  2577  2577 I AUDIOALG: comp gainMin = -40.00 dB
09-11 21:55:21.754  2577  2577 I AUDIOALG: lim bypassed= 0
09-11 21:55:21.754  2577  2577 I AUDIOALG: lim inVol   = 0.00 dB
09-11 21:55:21.754  2577  2577 I AUDIOALG: lim thresh  = -3.00 dB
09-11 21:55:21.754  2577  2577 I AUDIOALG: lim release = 220.00 ms
09-11 21:55:21.754  2577  2577 I AUDIOALG: lim lookahead time = 2.00 ms
09-11 21:55:21.754  2577  2577 I AUDIOALG: FullBandLimiter:
09-11 21:55:21.754  2577  2577 I AUDIOALG: lim bypassed= 0
09-11 21:55:21.754  2577  2577 I AUDIOALG: lim inVol   = 0.00 dB
09-11 21:55:21.754  2577  2577 I AUDIOALG: lim thresh  = -1.00 dB
09-11 21:55:21.754  2577  2577 I AUDIOALG: lim release = 180.00 ms
09-11 21:55:21.754  2577  2577 I AUDIOALG: lim lookahead time = 2.00 ms
09-11 21:55:21.754  2577  2577 I AUDIOALG: ConfMBCL:
09-11 21:55:21.754  2577  2577 I AUDIOALG: bypass          = 0
09-11 21:55:21.754  2577  2577 I AUDIOALG: bypassPreFilter = 1
09-11 21:55:21.754  2577  2577 I AUDIOALG: inVol           = 13.00 dB
09-11 21:55:21.754  2577  2577 I AUDIOALG: numBands        = 4
09-11 21:55:21.754  2577  2577 I AUDIOALG: m_samplingRate  = 48000
09-11 21:55:21.754  2577  2577 I AUDIOALG: filterBankFC1     = 70.00 Hz
09-11 21:55:21.754  2577  2577 I AUDIOALG: filterBankFC2     = 250.00 Hz
09-11 21:55:21.754  2577  2577 I AUDIOALG: filterBankFC3     = 5000.00 Hz
09-11 21:55:21.754  2577  2577 I AUDIOALG: Band #1:
09-11 21:55:21.754  2577  2577 I AUDIOALG: comp bypass  = 0
09-11 21:55:21.754  2577  2577 I AUDIOALG: comp inVol   = 0.00 dB
09-11 21:55:21.754  2577  2577 I AUDIOALG: comp ratio   = 8.00
09-11 21:55:21.754  2577  2577 I AUDIOALG: comp thresh  = -30.00 dB
09-11 21:55:21.754  2577  2577 I AUDIOALG: comp gainMin = -40.00 dB
09-11 21:55:21.754  2577  2577 I AUDIOALG: lim bypassed= 0
09-11 21:55:21.754  2577  2577 I AUDIOALG: lim inVol   = 0.00 dB
09-11 21:55:21.754  2577  2577 I AUDIOALG: lim thresh  = -20.00 dB
09-11 21:55:21.754  2577  2577 I AUDIOALG: lim release = 220.00 ms
09-11 21:55:21.754  2577  2577 I AUDIOALG: lim lookahead time = 2.00 ms
09-11 21:55:21.754  2577  2577 I AUDIOALG: Band #2:
09-11 21:55:21.754  2577  2577 I AUDIOALG: comp bypass  = 0
09-11 21:55:21.754  2577  2577 I AUDIOALG: comp inVol   = 0.00 dB
09-11 21:55:21.754  2577  2577 I AUDIOALG: comp ratio   = 5.00
09-11 21:55:21.754  2577  2577 I AUDIOALG: comp thresh  = -8.00 dB
09-11 21:55:21.754  2577  2577 I AUDIOALG: comp gainMin = -40.00 dB
09-11 21:55:21.754  2577  2577 I AUDIOALG: lim bypassed= 0
09-11 21:55:21.754  2577  2577 I AUDIOALG: lim inVol   = 6.00 dB
09-11 21:55:21.754  2577  2577 I AUDIOALG: lim thresh  = -10.00 dB
09-11 21:55:21.754  2577  2577 I AUDIOALG: lim release = 220.00 ms
09-11 21:55:21.754  2577  2577 I AUDIOALG: lim lookahead time = 2.00 ms
09-11 21:55:21.754  2577  2577 I AUDIOALG: Band #3:
09-11 21:55:21.754  2577  2577 I AUDIOALG: comp bypass  = 0
09-11 21:55:21.754  2577  2577 I AUDIOALG: comp inVol   = -1.00 dB
09-11 21:55:21.754  2577  2577 I AUDIOALG: comp ratio   = 2.00
09-11 21:55:21.754  2577  2577 I AUDIOALG: comp thresh  = -3.00 dB
09-11 21:55:21.754  2577  2577 I AUDIOALG: comp gainMin = -40.00 dB
09-11 21:55:21.754  2577  2577 I AUDIOALG: lim bypassed= 0
09-11 21:55:21.754  2577  2577 I AUDIOALG: lim inVol   = 0.00 dB
09-11 21:55:21.754  2577  2577 I AUDIOALG: lim thresh  = -3.00 dB
09-11 21:55:21.754  2577  2577 I AUDIOALG: lim release = 220.00 ms
09-11 21:55:21.754  2577  2577 I AUDIOALG: lim lookahead time = 2.00 ms
09-11 21:55:21.754  2577  2577 I AUDIOALG: Band #4:
09-11 21:55:21.754  2577  2577 I AUDIOALG: comp bypass  = 0
09-11 21:55:21.754  2577  2577 I AUDIOALG: comp inVol   = 0.00 dB
09-11 21:55:21.754  2577  2577 I AUDIOALG: comp ratio   = 1.00
09-11 21:55:21.755  2577  2577 I AUDIOALG: comp thresh  = 0.00 dB
09-11 21:55:21.755  2577  2577 I AUDIOALG: comp gainMin = -40.00 dB
09-11 21:55:21.755  2577  2577 I AUDIOALG: lim bypassed= 0
09-11 21:55:21.755  2577  2577 I AUDIOALG: lim inVol   = 0.00 dB
09-11 21:55:21.755  2577  2577 I AUDIOALG: lim thresh  = -3.00 dB
09-11 21:55:21.755  2577  2577 I AUDIOALG: lim release = 220.00 ms
09-11 21:55:21.755  2577  2577 I AUDIOALG: lim lookahead time = 2.00 ms
09-11 21:55:21.755  2577  2577 I AUDIOALG: FullBandLimiter:
09-11 21:55:21.755  2577  2577 I AUDIOALG: lim bypassed= 0
09-11 21:55:21.755  2577  2577 I AUDIOALG: lim inVol   = 0.00 dB
09-11 21:55:21.755  2577  2577 I AUDIOALG: lim thresh  = -1.00 dB
09-11 21:55:21.755  2577  2577 I AUDIOALG: lim release = 180.00 ms
09-11 21:55:21.755  2577  2577 I AUDIOALG: lim lookahead time = 2.00 ms
09-11 21:55:21.755  2577  2577 I AUDIOALG: MultiBandCompLimiter()
09-11 21:55:21.755  2577  2577 I AUDIOALG: PreFilter()
09-11 21:55:21.755  2577  2577 I AUDIOALG: FilterBank()
09-11 21:55:21.755  2577  2577 I AUDIOALG: MchCompressor()
09-11 21:55:21.755  2577  2577 I chatty  : uid=1041(audioserver) /vendor/bin/hw/android.hardware.audio.service identical 2 lines
09-11 21:55:21.755  2577  2577 I AUDIOALG: MchCompressor()
09-11 21:55:21.755  2577  2577 I AUDIOALG: MchLimiter()
09-11 21:55:21.755  2577  2577 I chatty  : uid=1041(audioserver) /vendor/bin/hw/android.hardware.audio.service identical 3 lines
09-11 21:55:21.755  2577  2577 I AUDIOALG: MchLimiter()
09-11 21:55:21.755  2577  2577 I AUDIOALG: MBCL setting, MBCL Bypass: 0
09-11 21:55:21.755  2577  2577 I AUDIOALG: MBCL setting, MBCL InpVol: 13.000000
09-11 21:55:21.755  2577  2577 I AUDIOALG: MBCL setting, PreFilter Bypass: 1
09-11 21:55:21.755  2577  2577 I AUDIOALG: MBCL setting m_mbcBand1, CompInpVol: 0.000000
09-11 21:55:21.755  2577  2577 I AUDIOALG: MBCL setting m_mbcBand2, CompInpVol: 0.000000
09-11 21:55:21.755  2577  2577 I AUDIOALG: MBCL setting m_mbcBand3, CompInpVol: -1.000000
09-11 21:55:21.755  2577  2577 I AUDIOALG: MBCL setting m_mbcBand4, CompInpVol: 0.000000
09-11 21:55:21.755  2577  2577 I AUDIOALG: MBCL setting m_mbcBand1, compRatio: 8.000000
09-11 21:55:21.755  2577  2577 I AUDIOALG: MBCL setting m_mbcBand2, compRatio: 5.000000
09-11 21:55:21.755  2577  2577 I AUDIOALG: MBCL setting m_mbcBand3, compRatio: 2.000000
09-11 21:55:21.755  2577  2577 I AUDIOALG: MBCL setting m_mbcBand4, compRatio: 1.000000
09-11 21:55:21.755  2577  2577 I AUDIOALG: MBCL setting m_mbcBand1, compThresh: -30.000000
09-11 21:55:21.756  2577  2577 I AUDIOALG: MBCL setting m_mbcBand2, compThresh: -8.000000
09-11 21:55:21.756  2577  2577 I AUDIOALG: MBCL setting m_mbcBand3, compThresh: -3.000000
09-11 21:55:21.756  2577  2577 I AUDIOALG: MBCL setting m_mbcBand4, compThresh: 0.000000
09-11 21:55:21.756  2577  2577 I AUDIOALG: MBCL setting m_mbcBand1, compGainMin: -40.000000
09-11 21:55:21.756  2577  2577 I AUDIOALG: MBCL setting m_mbcBand2, compGainMin: -40.000000
09-11 21:55:21.756  2577  2577 I AUDIOALG: MBCL setting m_mbcBand3, compGainMin: -40.000000
09-11 21:55:21.756  2577  2577 I AUDIOALG: MBCL setting m_mbcBand4, compGainMin: -40.000000
09-11 21:55:21.756  2577  2577 I AUDIOALG: MBCL setting m_mblBand1, thresh: -20.000000 release: 220.000000
09-11 21:55:21.756  2577  2577 I AUDIOALG: MBCL setting m_mblBand1, LimInpVol: 0.000000
09-11 21:55:21.756  2577  2577 I AUDIOALG: MBCL setting m_mblBand2, thresh: -10.000000 release: 220.000000
09-11 21:55:21.756  2577  2577 I AUDIOALG: MBCL setting m_mblBand2, LimInpVol: 6.000000
09-11 21:55:21.756  2577  2577 I AUDIOALG: MBCL setting m_mblBand3, thresh: -3.000000 release: 220.000000
09-11 21:55:21.756  2577  2577 I AUDIOALG: MBCL setting m_mblBand3, LimInpVol: 0.000000
09-11 21:55:21.756  2577  2577 I AUDIOALG: MBCL setting m_mblBand4, thresh: -3.000000 release: 220.000000
09-11 21:55:21.756  2577  2577 I AUDIOALG: MBCL setting m_mblBand4, LimInpVol: 0.000000
09-11 21:55:21.756  2577  2577 I AUDIOALG: MBCL setting m_mblFullBand, thresh: -1.000000 release: 180.000000
09-11 21:55:21.756  2577  2577 I AUDIOALG: MBCL setting m_mblFullBand, LimInpVol: 0.000000
09-11 21:55:21.756  2577  2577 I AUDIOALG: Speaker Power Modes Supported on Device...........
09-11 21:55:21.756  2577  2577 I AUDIOALG: 0
09-11 21:55:21.756  2577  2577 I AUDIOALG: 1
09-11 21:55:21.756  2577  2577 I AUDIOALG: 2
09-11 21:55:21.756  2577  2577 I AUDIOALG: 3
09-11 21:55:21.756  2577  2577 I AUDIOALG: 4
09-11 21:55:21.756  2577  2577 I AUDIOALG: 5
09-11 21:55:21.756  2577  2577 I AUDIOALG: Parametric EQ Config File Name = VOIPTxParametricEQ.cfg
09-11 21:55:21.756  2577  2577 I AUDIOALG: JSON::parse : /vendor/etc/audio-algorithms/VOIPTxParametricEQ.cfg
09-11 21:55:21.756  2577  2577 I AUDIOALG: Parametric EQ Bypass = 0
09-11 21:55:21.756  2577  2577 I AUDIOALG: 
09-11 21:55:21.756  2577  2577 I AUDIOALG: Conf Parametric EQ:
09-11 21:55:21.756  2577  2577 I AUDIOALG: Frame Length    = 128
09-11 21:55:21.756  2577  2577 I AUDIOALG: Num Channels    = 1
09-11 21:55:21.756  2577  2577 I AUDIOALG: sampling Rate   = 16000
09-11 21:55:21.756  2577  2577 I AUDIOALG: bypass          = 0
09-11 21:55:21.756  2577  2577 I AUDIOALG: numBiquads      = 4
09-11 21:55:21.756  2577  2577 I AUDIOALG: Biquad #: 1
09-11 21:55:21.756  2577  2577 I AUDIOALG: type#   : HIGH_SHELF
09-11 21:55:21.756  2577  2577 I AUDIOALG: Fc      : 180.000000
09-11 21:55:21.756  2577  2577 I AUDIOALG: Q       : 0.700000
09-11 21:55:21.756  2577  2577 I AUDIOALG: Gain    : -5.000000 dB
09-11 21:55:21.756  2577  2577 I AUDIOALG: Biquad #: 2
09-11 21:55:21.756  2577  2577 I AUDIOALG: type#   : PEAK
09-11 21:55:21.756  2577  2577 I AUDIOALG: Fc      : 1100.000000
09-11 21:55:21.756  2577  2577 I AUDIOALG: Q       : 0.500000
09-11 21:55:21.756  2577  2577 I AUDIOALG: Gain    : 6.000000 dB
09-11 21:55:21.756  2577  2577 I AUDIOALG: Biquad #: 3
09-11 21:55:21.756  2577  2577 I AUDIOALG: type#   : BYPASS
09-11 21:55:21.757  2577  2577 I AUDIOALG: Fc      : 7000.000000
09-11 21:55:21.757  2577  2577 I AUDIOALG: Q       : 10.000000
09-11 21:55:21.757  2577  2577 I AUDIOALG: Gain    : -6.000000 dB
09-11 21:55:21.757  2577  2577 I AUDIOALG: Biquad #: 4
09-11 21:55:21.757  2577  2577 I AUDIOALG: type#   : BYPASS
09-11 21:55:21.757  2577  2577 I AUDIOALG: Fc      : 5000.000000
09-11 21:55:21.757  2577  2577 I AUDIOALG: Q       : 20.000000
09-11 21:55:21.757  2577  2577 I AUDIOALG: Gain    : -20.000000 dB
09-11 21:55:21.757  2577  2577 I AUDIOALG: MchLimiter()
09-11 21:55:21.757  2577  2577 I AUDIOALG: limiter invol Set to 0.000000dB
09-11 21:55:21.757  2577  2577 I AUDIOALG: VAD Ambient Gain = 1.000000
09-11 21:55:21.757  2577  2577 I AUDIOALG: VAD Voice Gain = 1.000000
09-11 21:55:21.757  2577  2577 I AUDIOALG: setProcessingContext() Devices Flags = 0x00000001
09-11 21:55:21.757  2577  2577 I AUDIOALG: setPlaybackDevices() called with 0x00000001, device type NOT changed, no action taken
09-11 21:55:21.757  2577  2577 I AUDIOALG: **** AA_RefTarBeamSelector CONFIG ****
09-11 21:55:21.757  2577  2577 I AUDIOALG: ConfReferenceBeamSelector:
09-11 21:55:21.757  2577  2577 I AUDIOALG: m_numBeams                     = 7
09-11 21:55:21.757  2577  2577 I AUDIOALG: m_numRefBeams                     = 2
09-11 21:55:21.757  2577  2577 I AUDIOALG: m_numTarBeams                     = 4
09-11 21:55:21.757  2577  2577 I AUDIOALG: m_numFramesForTransition       = 40
09-11 21:55:21.757  2577  2577 I AUDIOALG: m_powerThresholdForRefBeamTransition       = 780415051
09-11 21:55:21.757  2577  2577 I AUDIOALG: m_powerThresholdForTarBeamTransition       = 780415051
09-11 21:55:21.757  2577  2577 I AUDIOALG: m_smoothingFactorAlpha       = 780415051
09-11 21:55:21.757  2577  2577 I AUDIOALG: **** AA_ARA CONFIG ****
09-11 21:55:21.757  2577  2577 I AUDIOALG: nAdaptedInputs = 4
09-11 21:55:21.757  2577  2577 I AUDIOALG: 0 
09-11 21:55:21.757  2577  2577 I AUDIOALG: 1 
09-11 21:55:21.757  2577  2577 I AUDIOALG: 5 
09-11 21:55:21.757  2577  2577 I AUDIOALG: 6 
09-11 21:55:21.757  2577  2577 I AUDIOALG: 
09-11 21:55:21.757  2577  2577 I AUDIOALG: ---- Parse generic canceler
09-11 21:55:21.757  2577  2577 I AUDIOALG: -------------------------------------------------------------- (null) -> 0 ---------------------------------------------
09-11 21:55:21.757  2577  2577 I AUDIOALG: input ref info ArraySize = 4
09-11 21:55:21.757  2577  2577 I AUDIOALG: 6 
09-11 21:55:21.757  2577  2577 I AUDIOALG: 5 
09-11 21:55:21.757  2577  2577 I AUDIOALG: 
09-11 21:55:21.758  2577  2577 I AUDIOALG: 6 
09-11 21:55:21.758  2577  2577 I AUDIOALG: 5 
09-11 21:55:21.758  2577  2577 I AUDIOALG: 
09-11 21:55:21.758  2577  2577 I AUDIOALG: 0 
09-11 21:55:21.758  2577  2577 I AUDIOALG: 1 
09-11 21:55:21.758  2577  2577 I AUDIOALG: 
09-11 21:55:21.758  2577  2577 I AUDIOALG: 0 
09-11 21:55:21.758  2577  2577 I AUDIOALG: 1 
09-11 21:55:21.758  2577  2577 I AUDIOALG: 
09-11 21:55:21.758  2577  2577 I AUDIOALG: ConfSBGenericCanceller:
09-11 21:55:21.758  2577  2577 I AUDIOALG: m_nBands               = 64
09-11 21:55:21.758  2577  2577 I AUDIOALG: m_nInputs              = 7
09-11 21:55:21.758  2577  2577 I AUDIOALG: m_nInputsToAdapt       = 4
09-11 21:55:21.758  2577  2577 I AUDIOALG: m_nRefs                = 0
09-11 21:55:21.758  2577  2577 I AUDIOALG: m_samplingRate         = 16000
09-11 21:55:21.758  2577  2577 I AUDIOALG: m_deciRate             = 64
09-11 21:55:21.758  2577  2577 I AUDIOALG: m_refSigEnThresh       = 0.000003162299890
09-11 21:55:21.758  2577  2577 I AUDIOALG: m_adaptBandLoHz        = -1
09-11 21:55:21.758  2577  2577 I AUDIOALG: m_adaptBandHiHz        = -1
09-11 21:55:21.758  2577  2577 I AUDIOALG: m_taiLen               = -1
09-11 21:55:21.758  2577  2577 I AUDIOALG: m_bandBasedTailLen     = false
09-11 21:55:21.758  2577  2577 I AUDIOALG: m_bandBasedStepSize    = false
09-11 21:55:21.758  2577  2577 I AUDIOALG: m_maxStepSize          = -8.800000190734863
09-11 21:55:21.758  2577  2577 I AUDIOALG: m_stepSizeRednScale    = -8.800000190734863
09-11 21:55:21.758  2577  2577 I AUDIOALG: m_leakyFactor          = -8.800000190734863
09-11 21:55:21.758  2577  2577 I AUDIOALG: ConfSBCanceler #0:
09-11 21:55:21.758  2577  2577 I AUDIOALG:     m_nRefsPerInput        = 2
09-11 21:55:21.758  2577  2577 I AUDIOALG:     m_adaptBandLoHz        = 0
09-11 21:55:21.758  2577  2577 I AUDIOALG:     m_adaptBandHiHz        = 8000
09-11 21:55:21.758  2577  2577 I AUDIOALG:     m_taiLen               = 2560
09-11 21:55:21.758  2577  2577 I AUDIOALG:     m_bandBasedTailLen     = true
09-11 21:55:21.758  2577  2577 I AUDIOALG:     m_bandBasedStepSize    = true
09-11 21:55:21.758  2577  2577 I AUDIOALG:     m_maxStepSize          = 0.300000011920929
09-11 21:55:21.758  2577  2577 I AUDIOALG:     m_stepSizeRednScale    = 3.000000000000000
09-11 21:55:21.758  2577  2577 I AUDIOALG:     m_leakyFactor          = 0.400000005960464
09-11 21:55:21.758  2577  2577 I AUDIOALG:     m_smFactRefPwr         = -1.000000000000000
09-11 21:55:21.758  2577  2577 I AUDIOALG: ConfSB_AEC_ARA:
09-11 21:55:21.758  2577  2577 I AUDIOALG: m_stepSizeErrorScale     = 3.000000000000000
09-11 21:55:21.758  2577  2577 I AUDIOALG: m_enableVSS              = 1
09-11 21:55:21.758  2577  2577 I AUDIOALG: m_ord2toOrd1RatioPercent = 50
09-11 21:55:21.758  2577  2577 I AUDIOALG: m_enableRoundRobin     = 75
09-11 21:55:21.758  2577  2577 I AUDIOALG: SBGenericCanceller: init()
09-11 21:55:21.758  2577  2577 I AUDIOALG: **************************************************************************** 1
09-11 21:55:21.758  2577  2577 I AUDIOALG: m_nInputs (in buffer) = 7
09-11 21:55:21.758  2577  2577 I AUDIOALG: m_nRefs   (in buffer) = 0
09-11 21:55:21.758  2577  2577 I AUDIOALG: 
09-11 21:55:21.758  2577  2577 I AUDIOALG: ==========================================================
09-11 21:55:21.758  2577  2577 I AUDIOALG: GC #0   nGcRefsPerInput = 2   nRefs = 4
09-11 21:55:21.758  2577  2577 I AUDIOALG: 6
09-11 21:55:21.758  2577  2577 I AUDIOALG: 5
09-11 21:55:21.758  2577  2577 I AUDIOALG: 0
09-11 21:55:21.758  2577  2577 I AUDIOALG: 1
09-11 21:55:21.758  2577  2577 I AUDIOALG: nGcTotRefCh = 4    m_nTotRefCh = 4
09-11 21:55:21.758  2577  2577 I AUDIOALG: Gen Cancelers:
09-11 21:55:21.758  2577  2577 I AUDIOALG: m_refIdxStart =  0   m_nTotRefCh =  4
09-11 21:55:21.758  2577  2577 I AUDIOALG:  0 ->  6 (0)
09-11 21:55:21.758  2577  2577 I AUDIOALG:  1 ->  5 (0)
09-11 21:55:21.758  2577  2577 I AUDIOALG:  2 ->  0 (0)
09-11 21:55:21.758  2577  2577 I AUDIOALG:  3 ->  1 (0)
09-11 21:55:21.758  2577  2577 I AUDIOALG: UseRefInfo # 0 : m_refSource =  0    m_refIndex =  6   m_enable = 1
09-11 21:55:21.758  2577  2577 I AUDIOALG: UseRefInfo # 1 : m_refSource =  0    m_refIndex =  5   m_enable = 1
09-11 21:55:21.759  2577  2577 I AUDIOALG: UseRefInfo # 2 : m_refSource =  0    m_refIndex =  0   m_enable = 1
09-11 21:55:21.759  2577  2577 I AUDIOALG: UseRefInfo # 3 : m_refSource =  0    m_refIndex =  1   m_enable = 1
09-11 21:55:21.759  2577  2577 I AUDIOALG: 
09-11 21:55:21.759  2577  2577 I AUDIOALG: Fused Final Generic Canceler :
09-11 21:55:21.759  2577  2577 I AUDIOALG: inIndex :  0   
09-11 21:55:21.759  2577  2577 I AUDIOALG:  0 ( 6-0)  
09-11 21:55:21.759  2577  2577 I AUDIOALG:  1 ( 5-0)  
09-11 21:55:21.759  2577  2577 I AUDIOALG: 
09-11 21:55:21.759  2577  2577 I AUDIOALG: inIndex :  1   
09-11 21:55:21.759  2577  2577 I AUDIOALG:  0 ( 6-0)  
09-11 21:55:21.759  2577  2577 I AUDIOALG:  1 ( 5-0)  
09-11 21:55:21.759  2577  2577 I AUDIOALG: 
09-11 21:55:21.759  2577  2577 I AUDIOALG: inIndex :  5   
09-11 21:55:21.759  2577  2577 I AUDIOALG:  2 ( 0-0)  
09-11 21:55:21.759  2577  2577 I AUDIOALG:  3 ( 1-0)  
09-11 21:55:21.759  2577  2577 I AUDIOALG: 
09-11 21:55:21.759  2577  2577 I AUDIOALG: inIndex :  6   
09-11 21:55:21.759  2577  2577 I AUDIOALG:  2 ( 0-0)  
09-11 21:55:21.759  2577  2577 I AUDIOALG:  3 ( 1-0)  
09-11 21:55:21.759  2577  2577 I AUDIOALG: 
09-11 21:55:21.759  2577  2577 I AUDIOALG: ==========================================================
09-11 21:55:21.759  2577  2577 I AUDIOALG: m_nRefsPerInput = 2
09-11 21:55:21.759  2577  2577 I AUDIOALG: m_nInputsToAdapt = 4
09-11 21:55:21.759  2577  2577 I AUDIOALG: m_nTotRefCh = 4
09-11 21:55:21.759  2577  2577 I AUDIOALG: m_nGenCancelers = 1
09-11 21:55:21.759  2577  2577 I AUDIOALG: CANCELER #0
09-11 21:55:21.759  2577  2577 I AUDIOALG: adaptBandLo = 0
09-11 21:55:21.759  2577  2577 I AUDIOALG: adaptBandHi = 63
09-11 21:55:21.759  2577  2577 I AUDIOALG: adaptBandLo = 0
09-11 21:55:21.759  2577  2577 I AUDIOALG: adaptBandHi = 15 (SIMD)
09-11 21:55:21.759  2577  2577 I AUDIOALG: Leaky = 0.40000
09-11 21:55:21.759  2577  2577 I AUDIOALG: refInfo : 0
09-11 21:55:21.759  2577  2577 I AUDIOALG: refInfo : 0
09-11 21:55:21.760  2577  2577 I AUDIOALG: VSB_AEC_ARA: init()
09-11 21:55:21.760  2577  2577 I AUDIOALG: enableVSS : 1
09-11 21:55:21.760  2577  2577 I AUDIOALG: sigEn 0.0000000486507687469384109     corrEner 0.0000015384614471258828416  bands=16  totBands=64   SIMD_LANES = 4
09-11 21:55:21.760  2577  2577 I AUDIOALG: **** AA_ARA_BT CONFIG ****
09-11 21:55:21.760  2577  2577 I AUDIOALG: nAdaptedInputs = 4
09-11 21:55:21.760  2577  2577 I AUDIOALG: 0 
09-11 21:55:21.760  2577  2577 I AUDIOALG: 1 
09-11 21:55:21.760  2577  2577 I AUDIOALG: 2 
09-11 21:55:21.760  2577  2577 I AUDIOALG: 3 
09-11 21:55:21.760  2577  2577 I AUDIOALG: 
09-11 21:55:21.760  2577  2577 I AUDIOALG: ---- Parse generic canceler
09-11 21:55:21.760  2577  2577 I AUDIOALG: -------------------------------------------------------------- (null) -> 0 ---------------------------------------------
09-11 21:55:21.760  2577  2577 I AUDIOALG: input ref info ArraySize = 4
09-11 21:55:21.760  2577  2577 I AUDIOALG: 5 
09-11 21:55:21.760  2577  2577 I AUDIOALG: 6 
09-11 21:55:21.760  2577  2577 I AUDIOALG: 
09-11 21:55:21.760  2577  2577 I AUDIOALG: 5 
09-11 21:55:21.760  2577  2577 I AUDIOALG: 6 
09-11 21:55:21.760  2577  2577 I AUDIOALG: 
09-11 21:55:21.760  2577  2577 I AUDIOALG: 5 
09-11 21:55:21.761  2577  2577 I AUDIOALG: 6 
09-11 21:55:21.761  2577  2577 I AUDIOALG: 
09-11 21:55:21.761  2577  2577 I AUDIOALG: 5 
09-11 21:55:21.761  2577  2577 I AUDIOALG: 6 
09-11 21:55:21.761  2577  2577 I AUDIOALG: 
09-11 21:55:21.761  2577  2577 I AUDIOALG: ConfSBGenericCanceller:
09-11 21:55:21.761  2577  2577 I AUDIOALG: m_nBands               = 64
09-11 21:55:21.761  2577  2577 I AUDIOALG: m_nInputs              = 7
09-11 21:55:21.761  2577  2577 I AUDIOALG: m_nInputsToAdapt       = 4
09-11 21:55:21.761  2577  2577 I AUDIOALG: m_nRefs                = 0
09-11 21:55:21.761  2577  2577 I AUDIOALG: m_samplingRate         = 16000
09-11 21:55:21.761  2577  2577 I AUDIOALG: m_deciRate             = 64
09-11 21:55:21.761  2577  2577 I AUDIOALG: m_refSigEnThresh       = 0.000003162299890
09-11 21:55:21.761  2577  2577 I AUDIOALG: m_adaptBandLoHz        = -1
09-11 21:55:21.761  2577  2577 I AUDIOALG: m_adaptBandHiHz        = -1
09-11 21:55:21.761  2577  2577 I AUDIOALG: m_taiLen               = -1
09-11 21:55:21.761  2577  2577 I AUDIOALG: m_bandBasedTailLen     = false
09-11 21:55:21.761  2577  2577 I AUDIOALG: m_bandBasedStepSize    = false
09-11 21:55:21.761  2577  2577 I AUDIOALG: m_maxStepSize          = -8.800000190734863
09-11 21:55:21.761  2577  2577 I AUDIOALG: m_stepSizeRednScale    = -8.800000190734863
09-11 21:55:21.761  2577  2577 I AUDIOALG: m_leakyFactor          = -8.800000190734863
09-11 21:55:21.761  2577  2577 I AUDIOALG: ConfSBCanceler #0:
09-11 21:55:21.761  2577  2577 I AUDIOALG:     m_nRefsPerInput        = 2
09-11 21:55:21.761  2577  2577 I AUDIOALG:     m_adaptBandLoHz        = 0
09-11 21:55:21.761  2577  2577 I AUDIOALG:     m_adaptBandHiHz        = 8000
09-11 21:55:21.761  2577  2577 I AUDIOALG:     m_taiLen               = 2560
09-11 21:55:21.761  2577  2577 I AUDIOALG:     m_bandBasedTailLen     = true
09-11 21:55:21.761  2577  2577 I AUDIOALG:     m_bandBasedStepSize    = true
09-11 21:55:21.761  2577  2577 I AUDIOALG:     m_maxStepSize          = 0.300000011920929
09-11 21:55:21.761  2577  2577 I AUDIOALG:     m_stepSizeRednScale    = 3.000000000000000
09-11 21:55:21.761  2577  2577 I AUDIOALG:     m_leakyFactor          = 0.400000005960464
09-11 21:55:21.761  2577  2577 I AUDIOALG:     m_smFactRefPwr         = -1.000000000000000
09-11 21:55:21.761  2577  2577 I AUDIOALG: ConfSB_AEC_ARA:
09-11 21:55:21.761  2577  2577 I AUDIOALG: m_stepSizeErrorScale     = 3.000000000000000
09-11 21:55:21.761  2577  2577 I AUDIOALG: m_enableVSS              = 1
09-11 21:55:21.761  2577  2577 I AUDIOALG: m_ord2toOrd1RatioPercent = 50
09-11 21:55:21.761  2577  2577 I AUDIOALG: m_enableRoundRobin     = 0
09-11 21:55:21.761  2577  2577 I AUDIOALG: SBGenericCanceller: init()
09-11 21:55:21.761  2577  2577 I AUDIOALG: **************************************************************************** 1
09-11 21:55:21.761  2577  2577 I AUDIOALG: m_nInputs (in buffer) = 7
09-11 21:55:21.761  2577  2577 I AUDIOALG: m_nRefs   (in buffer) = 0
09-11 21:55:21.761  2577  2577 I AUDIOALG: 
09-11 21:55:21.761  2577  2577 I AUDIOALG: ==========================================================
09-11 21:55:21.761  2577  2577 I AUDIOALG: GC #0   nGcRefsPerInput = 2   nRefs = 4
09-11 21:55:21.761  2577  2577 I AUDIOALG: 5
09-11 21:55:21.761  2577  2577 I AUDIOALG: 6
09-11 21:55:21.761  2577  2577 I AUDIOALG: nGcTotRefCh = 2    m_nTotRefCh = 2
09-11 21:55:21.761  2577  2577 I AUDIOALG: Gen Cancelers:
09-11 21:55:21.761  2577  2577 I AUDIOALG: m_refIdxStart =  0   m_nTotRefCh =  2
09-11 21:55:21.761  2577  2577 I AUDIOALG:  0 ->  5 (0)
09-11 21:55:21.761  2577  2577 I AUDIOALG:  1 ->  6 (0)
09-11 21:55:21.761  2577  2577 I AUDIOALG: UseRefInfo # 0 : m_refSource =  0    m_refIndex =  5   m_enable = 1
09-11 21:55:21.761  2577  2577 I AUDIOALG: UseRefInfo # 1 : m_refSource =  0    m_refIndex =  6   m_enable = 1
09-11 21:55:21.761  2577  2577 I AUDIOALG: 
09-11 21:55:21.762  2577  2577 I AUDIOALG: Fused Final Generic Canceler :
09-11 21:55:21.762  2577  2577 I AUDIOALG: inIndex :  0   
09-11 21:55:21.762  2577  2577 I AUDIOALG:  0 ( 5-0)  
09-11 21:55:21.762  2577  2577 I AUDIOALG:  1 ( 6-0)  
09-11 21:55:21.762  2577  2577 I AUDIOALG: 
09-11 21:55:21.762  2577  2577 I AUDIOALG: inIndex :  1   
09-11 21:55:21.762  2577  2577 I AUDIOALG:  0 ( 5-0)  
09-11 21:55:21.762  2577  2577 I AUDIOALG:  1 ( 6-0)  
09-11 21:55:21.762  2577  2577 I AUDIOALG: 
09-11 21:55:21.762  2577  2577 I AUDIOALG: inIndex :  2   
09-11 21:55:21.762  2577  2577 I AUDIOALG:  0 ( 5-0)  
09-11 21:55:21.762  2577  2577 I AUDIOALG:  1 ( 6-0)  
09-11 21:55:21.762  2577  2577 I AUDIOALG: 
09-11 21:55:21.762  2577  2577 I AUDIOALG: inIndex :  3   
09-11 21:55:21.762  2577  2577 I AUDIOALG:  0 ( 5-0)  
09-11 21:55:21.762  2577  2577 I AUDIOALG:  1 ( 6-0)  
09-11 21:55:21.762  2577  2577 I AUDIOALG: 
09-11 21:55:21.762  2577  2577 I AUDIOALG: ==========================================================
09-11 21:55:21.762  2577  2577 I AUDIOALG: m_nRefsPerInput = 2
09-11 21:55:21.762  2577  2577 I AUDIOALG: m_nInputsToAdapt = 4
09-11 21:55:21.762  2577  2577 I AUDIOALG: m_nTotRefCh = 2
09-11 21:55:21.762  2577  2577 I AUDIOALG: m_nGenCancelers = 1
09-11 21:55:21.762  2577  2577 I AUDIOALG: CANCELER #0
09-11 21:55:21.762  2577  2577 I AUDIOALG: adaptBandLo = 0
09-11 21:55:21.762  2577  2577 I AUDIOALG: adaptBandHi = 63
09-11 21:55:21.762  2577  2577 I AUDIOALG: adaptBandLo = 0
09-11 21:55:21.762  2577  2577 I AUDIOALG: adaptBandHi = 15 (SIMD)
09-11 21:55:21.762  2577  2577 I AUDIOALG: Leaky = 0.40000
09-11 21:55:21.762  2577  2577 I AUDIOALG: refInfo : 0
09-11 21:55:21.762  2577  2577 I AUDIOALG: refInfo : 0
09-11 21:55:21.763  2577  2577 I AUDIOALG: VSB_AEC_ARA: init()
09-11 21:55:21.763  2577  2577 I AUDIOALG: enableVSS : 1
09-11 21:55:21.763  2577  2577 I AUDIOALG: sigEn 0.0000000486507687469384109     corrEner 0.0000015384614471258828416  bands=16  totBands=64   SIMD_LANES = 4
09-11 21:55:21.763  2577  2577 I AUDIOALG: **** AA MICARA (Misc) CONFIG ****
09-11 21:55:21.763  2577  2577 I AUDIOALG: ConfSBGenericCanceller:
09-11 21:55:21.763  2577  2577 I AUDIOALG: m_nBands               = 0
09-11 21:55:21.763  2577  2577 I AUDIOALG: m_nInputs              = -444014488
09-11 21:55:21.763  2577  2577 I AUDIOALG: m_nInputsToAdapt       = 0
09-11 21:55:21.763  2577  2577 I AUDIOALG: m_nRefs                = -444713997
09-11 21:55:21.763  2577  2577 I AUDIOALG: m_samplingRate         = 0
09-11 21:55:21.763  2577  2577 I AUDIOALG: m_deciRate             = -393867252
09-11 21:55:21.763  2577  2577 I AUDIOALG: m_refSigEnThresh       = -4760890202024578398552064.000000000000000
09-11 21:55:21.763  2577  2577 I AUDIOALG: m_adaptBandLoHz        = -1
09-11 21:55:21.763  2577  2577 I AUDIOALG: m_adaptBandHiHz        = -1
09-11 21:55:21.763  2577  2577 I AUDIOALG: m_taiLen               = -1
09-11 21:55:21.763  2577  2577 I AUDIOALG: m_bandBasedTailLen     = false
09-11 21:55:21.763  2577  2577 I AUDIOALG: m_bandBasedStepSize    = false
09-11 21:55:21.763  2577  2577 I AUDIOALG: m_maxStepSize          = -8.800000190734863
09-11 21:55:21.763  2577  2577 I AUDIOALG: m_stepSizeRednScale    = -8.800000190734863
09-11 21:55:21.763  2577  2577 I AUDIOALG: m_leakyFactor          = -8.800000190734863
09-11 21:55:21.763  2577  2577 I AUDIOALG: ConfSBMICARA:1
09-11 21:55:21.763  2577  2577 I AUDIOALG: ARAm_nMics  = 4
09-11 21:55:21.764  2577  2577 I AUDIOALG: ARAm_nRefs  = 2
09-11 21:55:21.764  2577  2577 I AUDIOALG: m_ARAdelay  = 64
09-11 21:55:21.764  2577  2577 I AUDIOALG: m_gain_step  = 0.200000
09-11 21:55:21.764  2577  2577 I AUDIOALG: m_max_gain_ARA_W_Play  = 2.000000
09-11 21:55:21.764  2577  2577 I AUDIOALG: m_max_gain_ARA_No_Play  = 4.000000
09-11 21:55:21.764  2577  2577 I AUDIOALG: m_VSS_freeze_thresh  = 0.750000
09-11 21:55:21.764  2577  2577 I AUDIOALG: **** AA_BeamMerger CONFIG ****
09-11 21:55:21.764  2577  2577 I AUDIOALG: ConfSNRBeamMerger:
09-11 21:55:21.764  2577  2577 I AUDIOALG: m_numBeams                     = 4
09-11 21:55:21.765  2577  2577 I AUDIOALG: m_samplingRate                 = 16000
09-11 21:55:21.765  2577  2577 I AUDIOALG: m_SNRThreshold                 = 0.000000999999997
09-11 21:55:21.765  2577  2577 I AUDIOALG: m_energyStartFreqHz            = 500
09-11 21:55:21.765  2577  2577 I AUDIOALG: m_energyEndFreqHz              = 3500
09-11 21:55:21.765  2577  2577 I AUDIOALG: m_FDaplhaNoise                 = 0.998000
09-11 21:55:21.765  2577  2577 I AUDIOALG: m_FDaplhaSpeech                = 0.650000
09-11 21:55:21.765  2577  2577 I AUDIOALG: m_K_N_ALPHA                    = 0.999000
09-11 21:55:21.765  2577  2577 I AUDIOALG: m_K_ERG_ALPHA                  = 0.750000
09-11 21:55:21.765  2577  2577 I AUDIOALG: m_K_VSS_SCALE_FACTOR           = 0.500000
09-11 21:55:21.765  2577  2577 I AUDIOALG: m_InitialFastConvTimeSec       = 15
09-11 21:55:21.765  2577  2577 I AUDIOALG: 
09-11 21:55:21.765  2577  2577 I AUDIOALG: **** Beam Selector CONFIG ****
09-11 21:55:21.765  2577  2577 I AUDIOALG: ConfSNRBeamSelector:
09-11 21:55:21.765  2577  2577 I AUDIOALG: m_numBeams                     = 4
09-11 21:55:21.765  2577  2577 I AUDIOALG: m_energyAdaptationFactorFast   = 0.949999988079071
09-11 21:55:21.765  2577  2577 I AUDIOALG: m_energyAdaptationFactorSlow   = 0.986999988555908
09-11 21:55:21.765  2577  2577 I AUDIOALG: m_energyRatio                  = 1.200000047683716
09-11 21:55:21.765  2577  2577 I AUDIOALG: m_noiseAdaptationFactor        = 1.001000046730042
09-11 21:55:21.765  2577  2577 I AUDIOALG: m_SNRThreshold                 = 6.500000000000000
09-11 21:55:21.765  2577  2577 I AUDIOALG: m_bufferSize                   = 10
09-11 21:55:21.765  2577  2577 I AUDIOALG: m_hangoverPeriod               = 15
09-11 21:55:21.765  2577  2577 I AUDIOALG: ConfSNRBeamSelector:
09-11 21:55:21.765  2577  2577 I AUDIOALG: m_numBeams                     = 4
09-11 21:55:21.765  2577  2577 I AUDIOALG: m_energyAdaptationFactorFast   = 0.949999988079071
09-11 21:55:21.765  2577  2577 I AUDIOALG: m_energyAdaptationFactorSlow   = 0.986999988555908
09-11 21:55:21.765  2577  2577 I AUDIOALG: m_energyRatio                  = 1.200000047683716
09-11 21:55:21.765  2577  2577 I AUDIOALG: m_noiseAdaptationFactor        = 1.001000046730042
09-11 21:55:21.765  2577  2577 I AUDIOALG: m_SNRThreshold                 = 6.500000000000000
09-11 21:55:21.765  2577  2577 I AUDIOALG: m_bufferSize                   = 10
09-11 21:55:21.765  2577  2577 I AUDIOALG: m_hangoverPeriod               = 15
09-11 21:55:21.765  2577  2577 I AUDIOALG: *****************************************************
09-11 21:55:21.765  2577  2577 I AUDIOALG: Finished GenericAFE:configure() Aug 20 2019 12:10:32
09-11 21:55:21.765  2577  2577 I AUDIOALG: *****************************************************
09-11 21:55:21.766  2577  2577 I AUDIOALG: New Speaker Power Mode : 5 Old Mode: 5
09-11 21:55:21.767  2577  2577 I AUDIOALG: Same Speaker Mode: No change in MBCL configuration
09-11 21:55:21.767  2577  2577 D ASP     : Read mic1 calibration value=1088994603
09-11 21:55:21.768  2577  2577 D ASP     : Read mic2 calibration value=1059112505
09-11 21:55:21.768  2577  2577 I AUDIOALG: getUserEqInfo : User EQ Info NumBands: 3 	 RangeMin: -6 	 RangeMax: 6 	 DefaultStepSize: 3
09-11 21:55:21.768  2577  2577 E ASP     : UserEq file could not be read, constructing default json
09-11 21:55:21.768  2577  2577 I AudioSignalProcessor: ASP capture is enabled
09-11 21:55:21.769  2577  2577 D AudioALSAHardware: -mAudioALSAHardware
09-11 21:55:21.769  2577  2581 D AudioALSAHardware: initCheck()
09-11 21:55:21.770  2577  2581 W audio.amazon_wrapper: adev_get_master_mute(): not implemented yet!
09-11 21:55:21.770  2577  2581 D AudioALSAStreamManager: setMasterVolume(), volume = 1.000000
09-11 21:55:21.770  2577  2581 D AudioALSAVolumeController: AudioALSAVolumeController setMasterVolume v = 1.000000 mode = 0 devices = 0x0
09-11 21:55:21.770  2577  2581 D AudioALSAVolumeController: ApplyDualmodeGain gain = 256 mode = 0 devices = 6
09-11 21:55:21.770  2577  2581 D AudioALSAVolumeController: ApplyAudioGain  Gain = 256 mode= 0 device = 6
09-11 21:55:21.770  2577  2581 D AudioALSAVolumeController: ApplyAudioGain  DegradedBGain = 12 mVolumeRange[mode] = 12 
09-11 21:55:21.770  2577  2581 D AudioALSAVolumeController: SetHeadPhoneLGain = 7
09-11 21:55:21.770  2577  2581 D AudioALSAVolumeController: SetRealHeadPhoneLGain = 7
09-11 21:55:21.770  2577  2581 D AudioALSAVolumeController: SetHeadPhoneRGain = 7
09-11 21:55:21.770  2577  2581 D AudioALSAVolumeController: SetRealHeadPhoneRGain = 7
09-11 21:55:21.770  2577  2581 D AudioALSAVolumeController: ApplyDualmodeGain gain = 256 mode = 0 devices = 7
09-11 21:55:21.770  2577  2581 D AudioALSAVolumeController: ApplyAmpGain  Gain = 256 mode= 0 device = 7
09-11 21:55:21.770  2577  2581 D AudioALSAVolumeController: SetLinoutRGain 
09-11 21:55:21.770  2577  2581 D AudioALSAVolumeController: SetRealLinoutRGain = 8
09-11 21:55:21.770  2577  2581 D AudioALSAVolumeController: SetLinoutRGain 
09-11 21:55:21.770  2577  2581 D AudioALSAVolumeController: SetRealLinoutRGain = 8
09-11 21:55:21.770  2577  2581 D AudioALSAVolumeController: SetLSpeakerGain,DegradedBGain=5 
09-11 21:55:21.770  2577  2581 D AudioALSAVolumeController: SetRealLSpeakerGain = 5
09-11 21:55:21.770  2577  2581 E AudioALSAVolumeController: Error: SetSpeakerGain invalid value
09-11 21:55:21.771  2577  2581 W audio.amazon_wrapper: adev_set_master_mute(): not implemented yet!
09-11 21:55:21.771  2577  2581 D AudioALSAHardware: setMode setMode = 0
09-11 21:55:21.771  2577  2581 D AudioALSAStreamManager: +setMode(), mAudioMode: 0 => 0
09-11 21:55:21.771  2577  2581 W AudioALSAStreamManager: -setMode(), mAudioMode: 0 == 0, return
09-11 21:55:21.771  2576  2576 I AudioFlinger: loadHwModule() Loaded primary audio interface, handle 10
09-11 21:55:21.771  2576  2576 I AudioFlinger: openOutput() this 0xf639a000, module 10 Device type:0x2,@:, SamplingRate 48000, Format 0x000001, Channels 0x3, flags 0x2
09-11 21:55:21.772  2577  2581 D AudioALSAStreamManager: +openOutputStream()
09-11 21:55:21.772  2577  2581 D AudioALSAStreamManager: openOutputStream(), devices = 0x2, format = 0x1, channels = 0x3, sampleRate = 48000, status = 0xd
09-11 21:55:21.772  2577  2581 D AudioALSAStreamOut: AudioALSAStreamOut()
09-11 21:55:21.772  2577  2581 D AudioALSAStreamOut: set(), devices = 0x2, format = 0x1, channels = 0x3, sampleRate = 48000, flags = 0x2
09-11 21:55:21.772  2577  2581 D AudioALSASampleRateController: AudioALSASampleRateController()
09-11 21:55:21.772  2577  2581 D AudioALSASampleRateController: +setPrimaryStreamOutSampleRate(), mPrimaryStreamOutSampleRate: 44100 => 48000
09-11 21:55:21.772  2577  2581 D AudioALSASampleRateController: -setPrimaryStreamOutSampleRate(), mPrimaryStreamOutSampleRate: 48000
09-11 21:55:21.772  2577  2581 D NVRAM   : audioComFltCustParamInit Do nothing
09-11 21:55:21.772  2577  2581 D MtkAudioLoud: +setParameter(), paramID 0, param 0x1
09-11 21:55:21.772  2577  2581 D MtkAudioLoud: +setParameter(), paramID 4, param 0x0
09-11 21:55:21.772  2577  2581 D MtkAudioLoud: +setParameter(), paramID 2, param 0x2
09-11 21:55:21.772  2577  2581 D MtkAudioLoud: +setParameter(), paramID 3, param 0xbb80
09-11 21:55:21.772  2577  2581 D MtkAudioLoud: +setParameter(), paramID 1, param 0x6
09-11 21:55:21.772  2577  2581 D MtkAudioLoud: +setParameter(), paramID 5, param 0x0
09-11 21:55:21.773  2577  2581 D MtkAudioLoud: mIsZeroCoeff 1 mFilterType 1
09-11 21:55:21.773  2577  2581 D AudioMTKFilterManager: +Init AudioMTKFilter_VibSpkAddTone
09-11 21:55:21.773  2577  2581 D AudioMTKFilterManager: sampleRate [48000] channel [2] format [0x1] bufferSize [3072]
09-11 21:55:21.773  2577  2581 D AudioMTKFilterManager: -Init AudioMTKFilter_VibSpkAddTone
09-11 21:55:21.773  2577  2581 D AudioVIBSPKControl: getInstance()
09-11 21:55:21.773  2577  2581 D AudioFtmBase: AudioFtmBase()
09-11 21:55:21.773  2577  2581 D LoopbackManager: LoopbackManager(), mWorkingModemIndex = 0
09-11 21:55:21.773  2577  2581 D AudioFtm: AudioFtm()
09-11 21:55:21.773  2577  2581 D AudioFtm: mMixer = 0xe861d000
09-11 21:55:21.773  2577  2581 D AudioFtm: GetVibSpkCalibrationStatus()
09-11 21:55:21.773  2577  2581 D AudioMTKFilterManager: VibSpkReadFrequency:0
09-11 21:55:21.773  2577  2581 D AudioMTKFilterManager: [VibSpk] SetDefaultFreq
09-11 21:55:21.773  2577  2581 D AudioVIBSPKControl: setParameters:bb80 9c f 5
09-11 21:55:21.773  2577  2581 D AudioVIBSPKControl: VsgGenInit
09-11 21:55:21.773  2577  2581 D MtkAudioLoud: +setParameter(), paramID 0, param 0x3
09-11 21:55:21.773  2577  2581 D MtkAudioLoud: +setParameter(), paramID 4, param 0x0
09-11 21:55:21.773  2577  2581 D MtkAudioLoud: +setParameter(), paramID 2, param 0x2
09-11 21:55:21.773  2577  2581 D MtkAudioLoud: +setParameter(), paramID 3, param 0xbb80
09-11 21:55:21.773  2577  2581 D MtkAudioLoud: +setParameter(), paramID 1, param 0x4
09-11 21:55:21.773  2577  2581 D MtkAudioLoud: +setParameter(), paramID 5, param 0x0
09-11 21:55:21.773  2577  2581 D MtkAudioLoud: mIsZeroCoeff 0 mFilterType 3
09-11 21:55:21.773  2577  2581 D AudioMTKFilterManager: mFixedParam 0
09-11 21:55:21.773  2577  2581 D AudioALSAStreamManager: -openOutputStream(), out = 0xe861d700, status = 0x0, mStreamOutVector.size() = 1
09-11 21:55:21.774  2576  2576 I AudioFlinger: HAL output buffer size 768 frames, normal sink buffer size 1152 frames
09-11 21:55:21.775   189   189 I hwservicemanager: getTransport: Cannot find entry android.hardware.audio.effect@6.0::IEffectsFactory/default in either framework or device manifest.
09-11 21:55:21.775   189   189 I hwservicemanager: getTransport: Cannot find entry android.hardware.audio.effect@5.0::IEffectsFactory/default in either framework or device manifest.
09-11 21:55:21.776   189   189 I hwservicemanager: getTransport: Cannot find entry android.hardware.audio.effect@4.0::IEffectsFactory/default in either framework or device manifest.
09-11 21:55:21.788  2576  2576 I BufferProvider: found effect "Multichannel Downmix To Stereo" from The Android Open Source Project
09-11 21:55:21.789  2576  2576 E AudioFlinger: Failed to add event callback
09-11 21:55:21.789  2576  2608 I AudioFlinger: AudioFlinger's thread 0xf5a16a00 tid=2608 ready to run
09-11 21:55:21.789  2576  2608 W AudioFlinger: no wake lock to update, system not ready yet
09-11 21:55:21.789  2576  2608 D AudioFlinger: ro.audio.silent is ignored since no output device is set
09-11 21:55:21.789  2577  2577 D AudioALSAStreamOut: standby()
09-11 21:55:21.789  2577  2577 D AudioALSAStreamOut: -standby()
09-11 21:55:21.789  2576  2608 W AudioFlinger: no wake lock to update, system not ready yet
09-11 21:55:21.789  2576  2608 D AudioFlinger: ro.audio.silent is ignored since no output device is set
09-11 21:55:21.790  2577  2577 D AudioALSAHardware: +getParameters(), key = routing=2;supEncapsulationMetadataTypes;supEncapsulationModes
09-11 21:55:21.790  2577  2577 D AudioALSAHardware: -getParameters(), return ""
09-11 21:55:21.790  2576  2592 D PermissionCache: checking android.permission.MODIFY_AUDIO_SETTINGS for uid=1000 => granted (430 us)
09-11 21:55:21.791  2577  2577 D AudioALSAHardware: +setParameters(): restarting=true
09-11 21:55:21.791  2577  2577 W AudioALSAHardware: setParameters(), still have param.size() = 1, remain param = "restarting=true"
09-11 21:55:21.791  2577  2577 D AudioALSAHardware: -setParameters(): restarting=true 
09-11 21:55:21.791   441   536 E AudioSystem-JNI: Command failed for android_media_AudioSystem_setParameters: -22
09-11 21:55:21.791  2576  2592 D AudioFlinger: isLowRamDevice:true totalMemory:1020911616 mClientSharedHeapSize:1048576
09-11 21:55:21.795  2577  2577 D AudioALSAHardware: setVoiceVolume(), volume = -0.000000, mUseTuningVolume = 0
09-11 21:55:21.795  2577  2577 D AudioALSAStreamManager: setVoiceVolume(), volume = 0.010000
09-11 21:55:21.795  2577  2577 D AudioALSAVolumeController: +setVoiceVolume(), v=0.010000, mode=0x0, device=0x2
09-11 21:55:21.795  2577  2577 D AudioALSAVolumeController: GetDRCVersion DrcSpeechModeBits = 4 device= 0x2 mSpeechDrcType = 0x0 Sph_Drc_Version = 0x0
09-11 21:55:21.795  2577  2577 D AudioALSAVolumeController: DRC_VERSION_1
09-11 21:55:21.804  2576  2576 W AudioFlinger: moveEffects() bad srcOutput 0
09-11 21:55:21.805  2576  2576 W APM::AudioPolicyEngine: getDevicesForStrategy() unknown strategy: -1
09-11 21:55:21.903   256   371 I hwcomposer: [DEV] [DEV] (Send identity matrix)  
09-11 21:55:21.915  2577  2577 D audio.amazon_wrapper: adev_create_audio_patch - change source hw_module with handle(13) 
09-11 21:55:21.915  2577  2577 D AudioALSAHardware: +routing createAudioPatch Mixer->2
09-11 21:55:21.915  2577  2577 D AudioALSAStreamManager: +setParameters(), IOport = 13, keyValuePairs = routing=2
09-11 21:55:21.916  2577  2577 D AudioALSAStreamManager: Send to mStreamOutVector[0]
09-11 21:55:21.916  2577  2577 D AudioALSAStreamOut: +setParameters(): routing=2
09-11 21:55:21.916  2577  2577 D AudioALSAStreamManager: +routingOutputDevice()
09-11 21:55:21.916  2577  2577 I AudioALSAStreamManager: routingOutputDevice(), output device is changing, set speaker power mode
09-11 21:55:21.916  2577  2577 I AudioALSAStreamManager: setSpeakerPowerModeLocked(), mOutputDevice = 0x2, mVideoMode = 0, set speaker power mode -1 -> 5
09-11 21:55:21.916  2577  2577 I ASP     : asp_command: 0x0; code=11
09-11 21:55:21.916  2577  2577 I ASP     : SPEAKER POWER MODE 5
09-11 21:55:21.916  2577  2577 I AUDIOALG: New Speaker Power Mode : 5 Old Mode: 5
09-11 21:55:21.916  2577  2577 I AUDIOALG: Same Speaker Mode: No change in MBCL configuration
09-11 21:55:21.916  2577  2577 D AudioALSAStreamManager: routingOutputDevice(), output_devices: 0x2 => 0x2, mPhoneCallSpeechOpen = 0
09-11 21:55:21.916  2577  2577 D AudioALSAVoiceWakeUpController: +updateDeviceInfoForVoiceWakeUp(), mIsUseHeadsetMic = 0
09-11 21:55:21.916  2577  2577 D AudioHeadSetMessager: /sys/class/switch/h2w/state => 0
09-11 21:55:21.916  2577  2577 D AudioALSAVoiceWakeUpController: -updateDeviceInfoForVoiceWakeUp(), mIsUseHeadsetMic = 0
09-11 21:55:21.916  2577  2577 D AudioALSAStreamManager: +CheckHeadsetChange(), current_output_devices = 2 output_device = 2 
09-11 21:55:21.916  2577  2577 D AudioALSAStreamManager: mHeadsetChange = 0
09-11 21:55:21.916  2577  2577 W AudioALSAStreamManager: -routingOutputDevice(), output_devices == current_output_devices(0x2), return
09-11 21:55:21.916  2577  2577 D AudioALSAStreamOut: -setParameters(): routing=2 
09-11 21:55:21.916  2577  2577 D AudioALSAStreamManager: -setParameters()
09-11 21:55:21.916  2577  2577 D audio.amazon_wrapper: adev_create_audio_patch - call create_audio_patch sucess
09-11 21:55:21.922  2577  2577 D AudioALSAStreamManager: +openInputStream()
09-11 21:55:21.922  2577  2577 D AudioALSAStreamManager: openInputStream(), devices = 0x80000004, format = 0x1, channels = 0xc, sampleRate = 16000, status = 14, acoustics = 0x0
09-11 21:55:21.923  2577  2577 D AudioALSAStreamIn: AudioALSAStreamIn()
09-11 21:55:21.923  2577  2577 D AudioALSAStreamIn: set(), devices = 0x80000004, format = 0x1, channels = 0xc, sampleRate = 16000, acoustics = 0x0, flags = 0
09-11 21:55:21.923  2577  2577 D AudioALSAStreamIn: +CheckBesRecordInfo()
09-11 21:55:21.923  2577  2577 D AudioSpeechEnhanceInfo: GetBesRecScene() -1
09-11 21:55:21.923  2577  2577 D AudioSpeechEnhanceInfo: IsBesRecTuningEnable()- 0
09-11 21:55:21.923  2577  2577 D AudioYusuParam: QueryFeatureSupportInfo(),feature support 12098280 
09-11 21:55:21.923  2577  2577 D AudioYusuParam: QueryFeatureSupportInfo(),feature support 12098280 
09-11 21:55:21.923  2577  2577 D AudioSpeechEnhanceInfo: GetForceMagiASRState(), feature_support=12098280, 0, mForceMagiASR=0
09-11 21:55:21.923  2577  2577 D AudioSpeechEnhanceInfo: GetForceAECRecState(), mForceAECRec=0
09-11 21:55:21.923  2577  2577 D AudioALSAStreamIn: -CheckBesRecordInfo()
09-11 21:55:21.923  2577  2577 D AudioALSAStreamIn: checkOpenStreamSampleRate(), origin sampleRate 16000, kDefaultInputSourceSampleRate 48000.
09-11 21:55:21.923  2577  2577 D AudioALSAStreamIn: set() done, sampleRate = 16000, num_channels = 2, buffer_size=1280
09-11 21:55:21.923  2577  2577 D AudioALSAStreamManager: -openInputStream(), in = 0xe8213b00, status = 0x0, mStreamInVector.size() = 1
09-11 21:55:21.925  2576  2609 I AudioFlinger: AudioFlinger's thread 0xf52e6940 tid=2609 ready to run
09-11 21:55:21.925  2577  2577 D AudioALSAStreamIn: +standby()
09-11 21:55:21.925  2577  2577 D AudioALSAStreamIn: -standby()
09-11 21:55:21.925  2576  2609 W AudioFlinger: no wake lock to update, system not ready yet
09-11 21:55:21.925  2577  2577 D AudioALSAStreamIn: +standby()
09-11 21:55:21.925  2577  2577 D AudioALSAStreamIn: -standby()
09-11 21:55:21.926  2576  2609 W AudioFlinger: no wake lock to update, system not ready yet
09-11 21:55:21.927  2577  2577 D AudioALSAStreamManager: +closeInputStream(), in = 0xe8213b00
09-11 21:55:21.927  2577  2577 D AudioALSAStreamIn: ~AudioALSAStreamIn()
09-11 21:55:21.927  2577  2577 D AudioALSAStreamManager: -closeInputStream(), mStreamInVector.size() = 0
09-11 21:55:21.932  2576  2576 I bt_a2dp_hw: adev_open:  adev_open in A2dp_hw module
09-11 21:55:21.932  2576  2576 I AudioFlinger: loadHwModule() Loaded a2dp audio interface, handle 18
09-11 21:55:21.932  2576  2576 E APM_AudioPolicyManager: onNewAudioModulesAvailableInt: Input device list is empty!
09-11 21:55:21.932  2576  2576 E DevicesFactoryHalHidl: Invalid device name bluetooth
09-11 21:55:21.932  2576  2576 E AudioFlinger: loadHwModule() error -22 loading module bluetooth
09-11 21:55:21.932  2576  2576 W APM_AudioPolicyManager: could not open HW module bluetooth
09-11 21:55:21.934  2577  2577 D modules.usbaudio.audio_hal: [USB_AUD] adev_open
09-11 21:55:21.935  2576  2576 I AudioFlinger: loadHwModule() Loaded usb audio interface, handle 26
09-11 21:55:21.935  2576  2576 E APM_AudioPolicyManager: onNewAudioModulesAvailableInt: Input device list is empty!
09-11 21:55:21.936  2577  2577 I r_submix: adev_open(name=audio_hw_if)
09-11 21:55:21.938  2577  2581 I r_submix: adev_init_check()
09-11 21:55:21.938  2576  2576 I AudioFlinger: loadHwModule() Loaded r_submix audio interface, handle 34
09-11 21:55:21.938  2577  2581 D r_submix: adev_open_input_stream(addr=0)
09-11 21:55:21.938  2577  2581 D r_submix: submix_audio_device_create_pipe_l(addr=0, idx=9)
09-11 21:55:21.938  2577  2581 D r_submix:   now using address 0 for route 9
09-11 21:55:21.939  2576  2611 I AudioFlinger: AudioFlinger's thread 0xf52e6500 tid=2611 ready to run
09-11 21:55:21.939  2577  2581 I r_submix: in_standby()
09-11 21:55:21.939  2576  2611 W AudioFlinger: no wake lock to update, system not ready yet
09-11 21:55:21.940  2577  2581 I r_submix: in_standby()
09-11 21:55:21.941  2576  2611 W AudioFlinger: no wake lock to update, system not ready yet
09-11 21:55:21.941  2577  2581 D r_submix: adev_close_input_stream()
09-11 21:55:21.941  2577  2581 D r_submix: submix_audio_device_release_pipe_l(idx=9) addr=0
09-11 21:55:21.941  2577  2581 D r_submix: submix_audio_device_destroy_pipe_l(): pipe destroyed
09-11 21:55:21.942  2576  2576 W APM::AudioPolicyEngine: getDevicesForStrategy() unknown strategy: -1
09-11 21:55:21.942  2576  2576 W APM::AudioPolicyEngine: getDevicesForStrategy() unknown strategy: -1
09-11 21:55:21.968  2605  2605 D AndroidRuntime: >>>>>> START com.android.internal.os.RuntimeInit uid 0 <<<<<<
09-11 21:55:21.973  2605  2605 I AndroidRuntime: Using default boot image
09-11 21:55:21.973  2605  2605 I AndroidRuntime: Leaving lock profiling enabled
09-11 21:55:21.982  2605  2605 I app_process: Core platform API reporting enabled, enforcing=false
09-11 21:55:22.167  2605  2605 D app_process: Time zone APEX ICU file found: /apex/com.android.tzdata/etc/icu/icu_tzdata.dat
09-11 21:55:22.168  2605  2605 D app_process: I18n APEX ICU file found: /apex/com.android.i18n/etc/icu/icudt66l.dat
09-11 21:55:22.184  2605  2605 I app_process: The ClassLoaderContext is a special shared library.
09-11 21:55:22.204  2577  2581 D AudioALSAHardware: +setParameters(): BT_SCO=off
09-11 21:55:22.204  2577  2581 W AudioALSAHardware: setParameters(), still have param.size() = 1, remain param = "BT_SCO=off"
09-11 21:55:22.204  2577  2581 D AudioALSAHardware: -setParameters(): BT_SCO=off 
09-11 21:55:22.204  2576  2592 I CaptureStateNotifier: Registering a listener
09-11 21:55:22.204   441   540 I SoundTriggerMiddlewareLogging: setCaptureState[this=com.android.server.soundtrigger_middleware.SoundTriggerMiddlewareImpl@89273b4, caller=1000/441](false)
09-11 21:55:22.206  2576  2576 D PermissionCache: checking android.permission.MODIFY_AUDIO_ROUTING for uid=1000 => granted (175 us)
09-11 21:55:22.207  2577  2581 D AudioALSAHardware: setMode setMode = 0
09-11 21:55:22.207  2577  2581 D AudioALSAStreamManager: +setMode(), mAudioMode: 0 => 0
09-11 21:55:22.207  2577  2581 W AudioALSAStreamManager: -setMode(), mAudioMode: 0 == 0, return
09-11 21:55:22.207  2576  2576 W APM::AudioPolicyEngine/Base: setPhoneState() setting same state 0
09-11 21:55:22.207  2576  2576 W APM_AudioPolicyManager: setPhoneState() invalid or same state 0
09-11 21:55:22.209  2576  2591 W APM::AudioPolicyEngine: getDevicesForStrategy() unknown strategy: -1
09-11 21:55:22.209  2576  2591 I chatty  : uid=1041(audioserver) Binder:2576_1 identical 2 lines
09-11 21:55:22.210  2576  2591 W APM::AudioPolicyEngine: getDevicesForStrategy() unknown strategy: -1
09-11 21:55:22.225   441   536 I AS.AudioService: after audioserver restart: initStreamVolume succeeded
09-11 21:55:22.227  2605  2605 W app_process: JNI RegisterNativeMethods: attempt to register 0 native methods for android.media.AudioAttributes
09-11 21:55:22.228  2576  2592 W APM::AudioPolicyEngine: getDevicesForStrategy() unknown strategy: -1
09-11 21:55:22.233  2576  2591 W APM::AudioPolicyEngine: getDevicesForStrategy() unknown strategy: -1
09-11 21:55:22.233  2576  2591 I chatty  : uid=1041(audioserver) Binder:2576_1 identical 2 lines
09-11 21:55:22.234  2576  2591 W APM::AudioPolicyEngine: getDevicesForStrategy() unknown strategy: -1
09-11 21:55:22.235  2576  2592 I AudioFlinger: systemReady
09-11 21:55:22.235  2577  2581 D AudioALSAHardware: +setParameters(): restarting=false
09-11 21:55:22.235  2577  2581 W AudioALSAHardware: setParameters(), still have param.size() = 1, remain param = "restarting=false"
09-11 21:55:22.235  2577  2581 D AudioALSAHardware: -setParameters(): restarting=false 
09-11 21:55:22.236   441  2600 I system_server: oneway function results will be dropped but finished with status OK and parcel size 8
09-11 21:55:22.237  2577  2581 D AudioALSAStreamManager: getMicMute(), mMicMute = 0
09-11 21:55:22.237  2577  2581 D AudioALSAStreamManager: setMicMute(), mMicMute: 0 => 0
09-11 21:55:22.237  2577  2581 D AudioALSAStreamManager: +SetInputMute(), 0
09-11 21:55:22.237  2577  2581 D AudioALSAStreamManager: -SetInputMute()
09-11 21:55:22.237  2577  2581 D AudioALSAStreamManager: getMicMute(), mMicMute = 0
09-11 21:55:22.243  2605  2605 D AndroidRuntime: Calling main entry com.android.commands.monkey.Monkey
09-11 21:55:22.244  2605  2605 W Monkey  : args: [-p, com.steve.puckd, 1]
09-11 21:55:22.245  2605  2605 W Monkey  :  arg: "-p"
09-11 21:55:22.245  2605  2605 W Monkey  :  arg: "com.steve.puckd"
09-11 21:55:22.245  2605  2605 W Monkey  :  arg: "1"
09-11 21:55:22.246  2605  2605 W Monkey  : data="com.steve.puckd"
--------- beginning of system
09-11 21:55:22.310   441   472 W BroadcastQueue: Skipping deliver [background] BroadcastRecord{18ae335 u-1 android.net.conn.CONNECTIVITY_CHANGE} to ReceiverList{95b13ca 2605 (unknown name)/0/u-1 remote:7860a1f}: process gone or crashing
09-11 21:55:22.327   441  2600 I ActivityTaskManager: START u0 {act=android.intent.action.MAIN cat=[android.intent.category.LAUNCHER] flg=0x10200000 cmp=com.steve.puckd/.MainActivity} from uid 0
09-11 21:55:22.342  2605  2605 I Monkey  : Events injected: 1
09-11 21:55:22.347   441   465 D CompatibilityChangeReporter: Compat change id reported: 135634846; UID 10158; state: DISABLED
09-11 21:55:22.348   441   473 D CompatibilityChangeReporter: Compat change id reported: 143937733; UID 10158; state: ENABLED
09-11 21:55:22.364   243   243 D Zygote  : Forked child process 2629
09-11 21:55:22.371   441   473 I ActivityManager: Start proc 2629:com.steve.puckd/u0a158 for pre-top-activity {com.steve.puckd/com.steve.puckd.MainActivity}
09-11 21:55:22.375  2629  2629 I Zygote  : seccomp disabled by setenforce 0
09-11 21:55:22.380  2629  2629 I com.steve.puck: Late-enabling -Xcheck:jni
09-11 21:55:22.384  2605  2605 I Monkey  : ## Network stats: elapsed time=48ms (0ms mobile, 0ms wifi, 48ms not connected)
09-11 21:55:22.385  2605  2605 I app_process: System.exit called, status: 0
09-11 21:55:22.387  2605  2605 I AndroidRuntime: VM exiting with result code 0.
09-11 21:55:22.390  2576  2591 I AudioPolicyService: Capy check package com.steve.puckd, sdk 30
09-11 21:55:22.420  2629  2629 I com.steve.puck: Unquickening 12 vdex files!
09-11 21:55:22.428  2182  2189 I adbd    : jdwp connection from 2629
09-11 21:55:22.441   441  2600 W OomAdjuster: Fallback pre-set sched group to default: not expected top priority
09-11 21:55:22.512  2629  2629 D NetworkSecurityConfig: No Network Security Config specified, using platform default
09-11 21:55:22.514  2629  2629 D NetworkSecurityConfig: No Network Security Config specified, using platform default
09-11 21:55:22.576  2629  2629 D AppCompatDelegate: Checking for metadata for AppLocalesMetadataHolderService : Service not found
09-11 21:55:22.665  2629  2629 W com.steve.puck: Accessing hidden method Landroid/view/View;->computeFitSystemWindows(Landroid/graphics/Rect;Landroid/graphics/Rect;)Z (greylist, reflection, allowed)
09-11 21:55:22.667  2629  2629 W com.steve.puck: Accessing hidden method Landroid/view/ViewGroup;->makeOptionalFitsSystemWindows()V (greylist, reflection, allowed)
09-11 21:55:22.755   271   436 E BufferQueueProducer: [com.android.launcher3/com.android.launcher3.uioverrides.QuickstepLauncher#0](id:10f00000013,api:0,p:-1,c:271) disconnect: not connected (req=1)
09-11 21:55:22.755  1003  1280 W libEGL  : EGLNativeWindowType 0xcf4ff808 disconnect failed
09-11 21:55:22.822   256   371 I hwcomposer: [DEV] [DEV] (Send identity matrix)  
09-11 21:55:22.890  2576  2592 W ServiceManager: Permission failure: android.permission.CAPTURE_AUDIO_OUTPUT from uid=10158 pid=2629
09-11 21:55:22.891  2576  2592 D PermissionCache: checking android.permission.CAPTURE_AUDIO_OUTPUT for uid=10158 => denied (314 us)
09-11 21:55:22.892  2576  2592 W ServiceManager: Permission failure: android.permission.CAPTURE_AUDIO_HOTWORD from uid=10158 pid=2629
09-11 21:55:22.892  2576  2592 D PermissionCache: checking android.permission.CAPTURE_AUDIO_HOTWORD for uid=10158 => denied (237 us)
09-11 21:55:22.892  2577  2581 D AudioALSAStreamManager: +openInputStream()
09-11 21:55:22.892  2577  2581 D AudioALSAStreamManager: openInputStream(), devices = 0x80000004, format = 0x1, channels = 0x10, sampleRate = 16000, status = 30, acoustics = 0x0
09-11 21:55:22.892  2577  2581 D AudioALSAStreamIn: AudioALSAStreamIn()
09-11 21:55:22.892  2577  2581 D AudioALSAStreamIn: set(), devices = 0x80000004, format = 0x1, channels = 0x10, sampleRate = 16000, acoustics = 0x0, flags = 0
09-11 21:55:22.892  2577  2581 D AudioALSAStreamIn: +CheckBesRecordInfo()
09-11 21:55:22.892  2577  2581 D AudioSpeechEnhanceInfo: GetBesRecScene() -1
09-11 21:55:22.892  2577  2581 D AudioSpeechEnhanceInfo: IsBesRecTuningEnable()- 0
09-11 21:55:22.892  2577  2581 D AudioYusuParam: QueryFeatureSupportInfo(),feature support 12098280 
09-11 21:55:22.892  2577  2581 D AudioYusuParam: QueryFeatureSupportInfo(),feature support 12098280 
09-11 21:55:22.892  2577  2581 D AudioSpeechEnhanceInfo: GetForceMagiASRState(), feature_support=12098280, 0, mForceMagiASR=0
09-11 21:55:22.892  2577  2581 D AudioSpeechEnhanceInfo: GetForceAECRecState(), mForceAECRec=0
09-11 21:55:22.892  2577  2581 D AudioALSAStreamIn: -CheckBesRecordInfo()
09-11 21:55:22.892  2577  2581 D AudioALSAStreamIn: checkOpenStreamSampleRate(), origin sampleRate 16000, kDefaultInputSourceSampleRate 48000.
09-11 21:55:22.892  2577  2581 D AudioALSAStreamIn: set() done, sampleRate = 16000, num_channels = 1, buffer_size=640
09-11 21:55:22.892  2577  2581 D AudioALSAStreamManager: -openInputStream(), in = 0xe8213b00, status = 0x0, mStreamInVector.size() = 1
09-11 21:55:22.895  2576  2658 I AudioFlinger: AudioFlinger's thread 0xf52e6ec0 tid=2658 ready to run
09-11 21:55:22.895  2577  2581 D AudioALSAStreamIn: +standby()
09-11 21:55:22.895  2577  2581 D AudioALSAStreamIn: -standby()
09-11 21:55:22.896   441  2429 I system_server: oneway function results will be dropped but finished with status OK and parcel size 4
09-11 21:55:22.897   441  2429 I system_server: oneway function results will be dropped but finished with status OK and parcel size 4
09-11 21:55:22.899  2577  2581 D AudioALSAStreamIn: +standby()
09-11 21:55:22.899  2577  2581 D AudioALSAStreamIn: -standby()
09-11 21:55:22.900   441  2429 I system_server: oneway function results will be dropped but finished with status OK and parcel size 4
09-11 21:55:22.906   441  2429 I system_server: oneway function results will be dropped but finished with status OK and parcel size 4
09-11 21:55:22.908  2577  2581 D audio.amazon_wrapper: adev_create_audio_patch - change sink hw_module with handle(30) 
09-11 21:55:22.908   441  2600 I system_server: oneway function results will be dropped but finished with status OK and parcel size 4
09-11 21:55:22.908  2577  2581 D AudioALSAHardware: +routing createAudioPatch 80000004->Mixer Src 1e
09-11 21:55:22.908  2577  2581 D AudioALSAStreamManager: +setParameters(), IOport = 30, keyValuePairs = input_source=30;routing=-2147483644
09-11 21:55:22.908  2577  2581 D AudioALSAStreamManager: Send to mStreamInVector [0]
09-11 21:55:22.908  2577  2581 D AudioALSAStreamManager: +routingInputDevice(), input_device: 0x80000004 => 0x80000004
09-11 21:55:22.908  2577  2581 W AudioALSAStreamManager: -routingInputDevice(), input_device == current_input_device(0x80000004), return
09-11 21:55:22.908  2577  2581 D AudioALSAStreamManager: -setParameters()
09-11 21:55:22.908  2577  2581 D audio.amazon_wrapper: adev_create_audio_patch - call create_audio_patch sucess
09-11 21:55:22.911   441  2600 I SoundTriggerMiddlewareLogging: setCaptureState[this=com.android.server.soundtrigger_middleware.SoundTriggerMiddlewareImpl@89273b4, caller=1041/2576](true)
09-11 21:55:22.915  2577  2581 E FMQ     : grantorIdx must be less than 3
09-11 21:55:22.915  2629  2656 I SharedAudio: single microphone owner started
09-11 21:55:22.915  2577  2581 E FMQ     : grantorIdx must be less than 3
09-11 21:55:22.916  2576  2658 E FMQ     : grantorIdx must be less than 3
09-11 21:55:22.916  2576  2658 E FMQ     : grantorIdx must be less than 3
09-11 21:55:22.916  2577  2659 D AudioALSAStreamIn: open()
09-11 21:55:22.916  2577  2659 D AudioALSAStreamManager: +createCaptureHandler(), mAudioMode = 0, input_source = 30, input_device = 0x80000004, mBypassDualMICProcessUL=0
09-11 21:55:22.916  2577  2659 D AudioYusuParam: QueryFeatureSupportInfo(),feature support 12098280 
09-11 21:55:22.916  2577  2659 D AudioALSAStreamManager: -EnableBesRecord(), 0
09-11 21:55:22.916  2577  2659 D AudioALSADataProcessor: AudioALSADataProcessor()
09-11 21:55:22.916  2577  2659 D AudioALSACaptureHandlerBase: AudioALSACaptureHandlerBase()
09-11 21:55:22.917  2577  2659 D AudioALSACaptureHandlerBase: init()
09-11 21:55:22.917  2577  2659 D AudioALSACaptureHandlerNormal: AudioALSACaptureHandlerNormal()
09-11 21:55:22.917  2577  2659 D AudioALSACaptureHandlerNormal: init()
09-11 21:55:22.917  2577  2659 D AudioALSAStreamManager: -createCaptureHandler(), mCaptureHandlerVector.size() = 1
09-11 21:55:22.917  2577  2659 D AudioALSACaptureHandlerNormal: +open(), input_device = 0x80000004, input_source = 0x1e, sample_rate=16000, num_channels=1
09-11 21:55:22.917  2577  2659 D AudioALSACaptureDataProviderBase: AudioALSACaptureDataProviderBase(), 0xe8534900
09-11 21:55:22.917  2577  2659 D AudioALSACaptureDataProviderNormal: AudioALSACaptureDataProviderNormal()
09-11 21:55:22.917  2577  2659 D AudioALSACaptureDataClient: AudioALSACaptureDataClient()
09-11 21:55:22.917  2577  2659 D AudioSPELayer: SPELayer+
09-11 21:55:22.917  2577  2659 D AudioSPELayer: GetVoIPJitterTime JitterTime=0,ret=1
09-11 21:55:22.918  2577  2659 D AudioSPELayer: SPELayer-
09-11 21:55:22.918  2577  2659 D AudioALSACaptureDataClient: AudioALSACaptureDataClient(), besrecord_enable=0, besrecord_scene=-1
09-11 21:55:22.918  2577  2659 D AudioYusuParam: QueryFeatureSupportInfo(),feature support 12098280 
09-11 21:55:22.918  2577  2659 D AudioALSACaptureDataClient: CheckBesRecordStereoModeEnable(), mBesRecordStereoMode = 0
09-11 21:55:22.918  2577  2659 D AudioPreProcess: AudioPreProcess()+
09-11 21:55:22.918  2577  2659 D AudioPreProcess: AudioPreProcess()-
09-11 21:55:22.918  2577  2659 D AudioALSACaptureDataProviderBase: attach(), 0xe8534900
09-11 21:55:22.918  2577  2659 D AudioALSACaptureDataClient: setIdentity(), mIsIdentitySet=0, identity=0
09-11 21:55:22.918  2577  2659 D AudioALSACaptureDataProviderBase: attach(), mCaptureDataClientIndex=0, mCaptureDataClientVector.size()=0, Identity=0
09-11 21:55:22.918  2577  2659 D AudioALSACaptureDataProviderNormal: open()
09-11 21:55:22.918  2577  2659 D AudioALSADeviceParser: GetPcmIndexByString() stringpair = TLV320AIC3101 
09-11 21:55:22.918  2577  2659 D AudioALSADeviceParser: compare success = 22
09-11 21:55:22.918  2577  2659 D AudioALSADeviceParser: GetCardIndexByString() stringpair = TLV320AIC3101 
09-11 21:55:22.918  2577  2659 D AudioALSADeviceParser:  compare success Cardindex = 0
09-11 21:55:22.918  2577  2659 D AudioALSACaptureDataProviderNormal: open cardindex = 0  pcmindex = 22
09-11 21:55:22.922  2577  2659 D AudioALSACaptureDataProviderNormal: buffersizemax = 30840
09-11 21:55:22.922  2577  2659 D AudioSpeechEnhanceInfo: GetHifiRecord, mHiFiRecordEnable=0
09-11 21:55:22.922  2577  2659 D AudioALSACaptureDataProviderNormal: bHifiRecord = 0
09-11 21:55:22.922  2577  2659 D AudioSpeechEnhanceInfo: GetDebugStatus, mDebugflag=0
09-11 21:55:22.922  2577  2659 D AudioALSACaptureDataProviderNormal: btempDebug = 0
09-11 21:55:22.922  2577  2659 D AudioALSACaptureDataProviderBase: +HasLowLatencyCapture()
09-11 21:55:22.922  2577  2659 D AudioALSACaptureDataClient: +IsLowLatencyCapture()
09-11 21:55:22.922  2577  2659 D AudioALSACaptureDataClient: -IsLowLatencyCapture(), bRet=0
09-11 21:55:22.922  2577  2659 D AudioALSACaptureDataProviderBase: -HasLowLatencyCapture(), bRet=0
09-11 21:55:22.922  2577  2659 D AudioALSACaptureDataProviderNormal: open(), format = 4, channels=4, rate=16000, period_size=256, period_count=10,latency=20 kReadBufferSize=3072
09-11 21:55:22.922  2577  2659 D AudioALSACaptureDataProviderNormal: open(), mCaptureDropSize=0, CAPTURE_DROP_MS=0
09-11 21:55:22.922  2577  2659 D AudioALSACaptureDataProviderNormal: open(), period_count=10, period_size=256, samplerate = 16000
09-11 21:55:23.031   189   189 I hwservicemanager: getTransport: Cannot find entry android.hardware.configstore@1.0::ISurfaceFlingerConfigs/default in either framework or device manifest.
09-11 21:55:23.038   256   372 W hwcomposer: [OVL] (0) No overlay input queue(0)  
09-11 21:55:23.038   256   372 I hwcomposer: [DBQ] (q2:0xee13b500) Buffer queue is created with size(3)  
09-11 21:55:23.038   256   372 I hwcomposer: [DBQ] (q2:0xee13b500) setConsumerListener  
09-11 21:55:23.038   256   372 I hwcomposer: [DBQ] (q2:0xee13b500) Reallocate Slot(0), pool(0 -> 0) size(0 -> 1843200)  
09-11 21:55:23.050  2629  2652 D mali_winsys: EGLint new_window_surface(egl_winsys_display *, void *, EGLSurface, EGLConfig, egl_winsys_surface **, EGLBoolean) returns 0x3000
09-11 21:55:23.054   256   372 I hwcomposer: [DBQ] (q2:0xee13b500) Reallocate Slot(1), pool(0 -> 0) size(0 -> 1843200)  
09-11 21:55:23.071   256   366 E [GrallocExtra-ERROR]: gralloc_extra_perform:175 gralloc_extra_perform with NULL handle: 0x0
09-11 21:55:23.073   189   189 I hwservicemanager: getTransport: Cannot find entry android.hardware.graphics.mapper@4.0::IMapper/default in either framework or device manifest.
09-11 21:55:23.073  2577  2659 D AudioALSACaptureDataProviderBase: -attach()
09-11 21:55:23.073  2629  2652 I Gralloc4: mapper 4.x is not supported
09-11 21:55:23.073  2577  2659 D AudioSPELayer: SetUPLinkDropTime, 0
09-11 21:55:23.073  2577  2671 D AudioALSACaptureDataProviderNormal: +readThread(), pid: 2577, tid: 2671, kReadBufferSize=0xc00, open_index=1
09-11 21:55:23.074  2577  2659 D AudioSPELayer: SetUPLinkIntrStartTime, sec=338, nsec=140355558
09-11 21:55:23.074  2577  2659 D AudioALSACaptureDataClient: CheckChannelRemixOp(), ch 4->1 (mBesRecordStereoMode = 0, BesRecord enable = 0), ChannelRemixOp = 0
09-11 21:55:23.074  2577  2659 D AudioSpeechEnhanceInfo: GetDebugStatus, mDebugflag=0
09-11 21:55:23.074  2577  2659 E ASP     : Invalid pipeline type: -1
09-11 21:55:23.074  2577  2659 D AudioALSAHardwareResourceManager: +startInputDevice(), new_device = 0x80000004, mInputDevice = 0x0, mStartInputDeviceCount = 0, mInputBuiltInMicCount = 0, mInputHeadsetMicCount = 0
09-11 21:55:23.074  2577  2659 D AudioALSAHardwareResourceManager: setMIC1Mode(), isphonemic 0, micmode 1
09-11 21:55:23.074  2577  2659 I AudioALSADeviceConfigManager: GetDeviceDescriptorbyname
09-11 21:55:23.074  2577  2659 E AudioALSADeviceConfigManager: ApplyDeviceSettingByName  DeviceName = Mic1TypeACCMode descriptor == NULL
09-11 21:55:23.074  2577  2659 D AudioALSAHardwareResourceManager: setMIC2Mode(), isphonemic 0, micmode 1
09-11 21:55:23.074  2577  2659 I AudioALSADeviceConfigManager: GetDeviceDescriptorbyname
09-11 21:55:23.074  2577  2659 E AudioALSADeviceConfigManager: ApplyDeviceSettingByName  DeviceName = Mic2TypeACCMode descriptor == NULL
09-11 21:55:23.074  2577  2659 I AudioALSADeviceConfigManager: GetDeviceDescriptorbyname
09-11 21:55:23.074  2577  2659 E AudioALSADeviceConfigManager: ApplyDeviceTurnonSequenceByName  DeviceName = builtin_Mic_SingleMic descriptor == NULL
09-11 21:55:23.074   189   189 I hwservicemanager: getTransport: Cannot find entry android.hardware.graphics.mapper@3.0::IMapper/default in either framework or device manifest.
09-11 21:55:23.074  2577  2659 D AudioALSAHardwareResourceManager: -startInputDevice(), mInputDevice = 0x80000004, mStartInputDeviceCount = 1
09-11 21:55:23.074  2577  2659 D AudioVoiceUIDL: [SetUplinkStartTime] mULtime sec 0 nsec 0
09-11 21:55:23.074  2577  2659 D AudioALSACaptureHandlerNormal: -open()
09-11 21:55:23.074  2629  2652 W Gralloc3: mapper 3.x is not supported
09-11 21:55:23.079  2629  2652 E ion     : ioctl c0044901 failed with code -1: Invalid argument
09-11 21:55:23.088   256   366 E [GrallocExtra-ERROR]: gralloc_extra_perform:175 gralloc_extra_perform with NULL handle: 0x0
09-11 21:55:23.104   256   366 E [GrallocExtra-ERROR]: gralloc_extra_perform:175 gralloc_extra_perform with NULL handle: 0x0
09-11 21:55:23.111  2577  2659 D AudioVoiceUIDL: [SetUplinkStartTime] mULtime sec 338 nsec 128144404
09-11 21:55:23.121   256   366 E [GrallocExtra-ERROR]: gralloc_extra_perform:175 gralloc_extra_perform with NULL handle: 0x0
09-11 21:55:23.126   441   471 I ActivityTaskManager: Displayed com.steve.puckd/.MainActivity: +778ms
09-11 21:55:23.129  2629  2656 I SharedAudio: pcm peak=91 state=0
09-11 21:55:23.138   256   366 E [GrallocExtra-ERROR]: gralloc_extra_perform:175 gralloc_extra_perform with NULL handle: 0x0
09-11 21:55:23.147  2629  2656 I SharedAudio: pcm peak=121 state=0
09-11 21:55:23.152  2629  2629 I PuckService: transport=relay connecting to relay
09-11 21:55:23.152  2629  2629 I PuckService: transport=relay connecting to relay
09-11 21:55:23.158   256   372 I hwcomposer: [OVL] (0) Overlay input(0) was used with queue previously  
09-11 21:55:23.158   256   372 I hwcomposer: [DBQ] (q2:0xee13b500) Buffer queue is destroyed  
09-11 21:55:23.158   256   372 I hwcomposer: [DBQ] (q2:0xee13b500) Free Slot(0), handle=0xee23d540, 1843200 -> 0  
09-11 21:55:23.159   256   372 I hwcomposer: [DBQ] (q2:0xee13b500) Free Slot(1), handle=0xee23db60, 1843200 -> 0  
09-11 21:55:23.164  2629  2656 I SharedAudio: pcm peak=143 state=0
09-11 21:55:23.181  2629  2656 I SharedAudio: pcm peak=94 state=0
09-11 21:55:23.198  2629  2673 I InterpreterApi: Loaded native library: tensorflowlite_jni
09-11 21:55:23.202  2629  2656 I SharedAudio: pcm peak=121 state=0
09-11 21:55:23.203  2629  2676 D MicroWakeWord: Loaded microwakeword native library
09-11 21:55:23.205  2629  2676 D MicroFrontendWrapper: MicroFrontend initialized: 16000 Hz sample rate, 40 mel bins, 125-7500 Hz, 30m window, 10m step
09-11 21:55:23.206  2629  2676 D MicroWakeWordEngine: Engine initialized: stride=3, inputScale=0.101961, inputZeroPoint=-128, arena=65536 bytes
09-11 21:55:23.207  2629  2676 D MicroWakeWord: MicroWakeWord engine created with handle: 3181157376
09-11 21:55:23.208  2629  2676 I PuckService: wake_frame_ms=10 wake_cutoff=0.97 wake_window_frames=5
09-11 21:55:23.208  2629  2676 I PuckService: microWakeWord armed on shared microphone stream
09-11 21:55:23.211  2629  2673 I InterpreterApi: Didn't load native library: tensorflowlite_jni_gms_client
09-11 21:55:23.213  2629  2656 I SharedAudio: pcm peak=120 state=0
09-11 21:55:23.215  2629  2674 I tflite  : Initialized TensorFlow Lite runtime.
09-11 21:55:23.219  2629  2674 E WakeModel: melspectrogram.tflite: Internal error: Unexpected failure when preparing tensor allocations: tensorflow/lite/util.cc BytesRequired number of elements overflowed.
09-11 21:55:23.219  2629  2674 E WakeModel: 
09-11 21:55:23.219  2629  2674 E WakeModel: Node number 3 (CONV_2D) failed to prepare.
09-11 21:55:23.219  2629  2673 E WakeModel: melspectrogram.tflite: Internal error: Unexpected failure when preparing tensor allocations: tensorflow/lite/util.cc BytesRequired number of elements overflowed.
09-11 21:55:23.219  2629  2673 E WakeModel: 
09-11 21:55:23.219  2629  2673 E WakeModel: Node number 3 (CONV_2D) failed to prepare.
09-11 21:55:23.233  2629  2656 I SharedAudio: pcm peak=109 state=0
09-11 21:55:23.236  2629  2672 I tflite  : Created TensorFlow Lite XNNPACK delegate for CPU.
09-11 21:55:23.242  2629  2672 I tflite  : Replacing 64 out of 64 node(s) with delegate (TfLiteXNNPackDelegate) node, yielding 1 partitions for the whole graph.
09-11 21:55:23.248  2629  2656 I SharedAudio: pcm peak=111 state=0
09-11 21:55:23.251  2629  2656 I MicroWakeWord: probability=0
09-11 21:55:23.273  2629  2656 I SharedAudio: pcm peak=129 state=0
09-11 21:55:23.281  2629  2656 I MicroWakeWord: probability=0
09-11 21:55:23.300  2629  2674 I WakeModel: embedding_model.tflite inputs=1 outputs=1 in=[1, 76, 32, 1] out=[1, 1, 1, 96]
09-11 21:55:23.300  2629  2673 I WakeModel: embedding_model.tflite inputs=1 outputs=1 in=[1, 76, 32, 1] out=[1, 1, 1, 96]
09-11 21:55:23.301  2629  2656 I SharedAudio: pcm peak=115 state=0
09-11 21:55:23.305   271   436 E BufferQueueProducer: [com.steve.puckd/com.steve.puckd.MainActivity#0](id:10f00000015,api:0,p:-1,c:271) disconnect: not connected (req=1)
09-11 21:55:23.305  2629  2652 W libEGL  : EGLNativeWindowType 0xed635808 disconnect failed
09-11 21:55:23.307  2629  2652 D mali_winsys: EGLint new_window_surface(egl_winsys_display *, void *, EGLSurface, EGLConfig, egl_winsys_surface **, EGLBoolean) returns 0x3000
09-11 21:55:23.318  2629  2656 I SharedAudio: pcm peak=109 state=0
09-11 21:55:23.323  2629  2656 I MicroWakeWord: probability=0
09-11 21:55:23.328  2629  2656 I SharedAudio: pcm peak=128 state=0
09-11 21:55:23.336  2629  2673 I WakeModel: hey_jarvis.tflite inputs=1 outputs=1 in=[1, 16, 96] out=[1, 1]
09-11 21:55:23.338  2576  2592 I AudioPolicyService: Capy check package com.android.launcher3, sdk 30
09-11 21:55:23.342   441   441 D NotificationService: 0|com.steve.puckd|1001|null|10158: granting content://settings/system/notification_sound
09-11 21:55:23.343  2629  2629 W PuckService: Connection failed: Failed to connect to /192.168.1.193:8787
09-11 21:55:23.344  2629  2656 I MicroWakeWord: probability=0
09-11 21:55:23.348   441   441 I chatty  : uid=1000 system_server identical 1 line
09-11 21:55:23.348   441   441 D NotificationService: 0|com.steve.puckd|1001|null|10158: granting content://settings/system/notification_sound
09-11 21:55:23.349   441   441 W NotificationHistory: Attempted to add notif for locked/gone/disabled user 0
09-11 21:55:23.350  2629  2672 I tflite  : Replacing 17 out of 26 node(s) with delegate (TfLiteXNNPackDelegate) node, yielding 14 partitions for the whole graph.
09-11 21:55:23.353  2629  2656 I SharedAudio: pcm peak=104 state=0
09-11 21:55:23.358  2629  2672 I tflite  : Replacing 17 out of 26 node(s) with delegate (TfLiteXNNPackDelegate) node, yielding 19 partitions for the whole graph.
09-11 21:55:23.358  2629  2629 I PuckService: disconnected reason=Relay unavailable retry_ms=2000
09-11 21:55:23.362  2629  2672 E PuckService: native wake probe failed
09-11 21:55:23.362  2629  2672 E PuckService: java.io.FileNotFoundException: wakeword/wake-sample.wav
09-11 21:55:23.362  2629  2672 E PuckService: 	at android.content.res.AssetManager.nativeOpenAsset(Native Method)
09-11 21:55:23.362  2629  2672 E PuckService: 	at android.content.res.AssetManager.open(AssetManager.java:876)
09-11 21:55:23.362  2629  2672 E PuckService: 	at android.content.res.AssetManager.open(AssetManager.java:853)
09-11 21:55:23.362  2629  2672 E PuckService: 	at com.steve.puckd.PuckService.onCreate$lambda$8(PuckService.kt:47)
09-11 21:55:23.362  2629  2672 E PuckService: 	at com.steve.puckd.PuckService$$ExternalSyntheticLambda0.run(D8$$SyntheticClass:0)
09-11 21:55:23.362  2629  2672 E PuckService: 	at java.lang.Thread.run(Thread.java:923)
09-11 21:55:23.366  2629  2656 I SharedAudio: pcm peak=112 state=0
09-11 21:55:23.370  2629  2656 I MicroWakeWord: probability=0
09-11 21:55:23.376   256   371 I hwcomposer: [DEV] [DEV] (Send identity matrix)  
09-11 21:55:23.382  2629  2674 I WakeModel: hey_jarvis.tflite inputs=1 outputs=1 in=[1, 16, 96] out=[1, 1]
09-11 21:55:23.387  2629  2656 I SharedAudio: pcm peak=135 state=0
09-11 21:55:23.392   256   371 I hwcomposer: [DEV] [DEV] (Send identity matrix)  
09-11 21:55:23.394  2629  2656 I MicroWakeWord: probability=0
09-11 21:55:23.401  2629  2656 I SharedAudio: pcm peak=132 state=0
09-11 21:55:23.419  2629  2644 I com.steve.puck: Background concurrent copying GC freed 2917(465KB) AllocSpace objects, 32(19MB) LOS objects, 25% free, 11MB/15MB, paused 101us total 105.763ms
09-11 21:55:23.435  2629  2656 I SharedAudio: pcm peak=111 state=0
09-11 21:55:23.440  2629  2656 I MicroWakeWord: probability=0
09-11 21:55:23.450  2629  2656 I SharedAudio: pcm peak=130 state=0
09-11 21:55:23.453  2629  2656 I MicroWakeWord: probability=0
09-11 21:55:23.460   256   371 I hwcomposer: [DEV] [DEV] (Send identity matrix)  
09-11 21:55:23.463  2629  2656 I SharedAudio: pcm peak=128 state=0
09-11 21:55:23.475   256   371 I hwcomposer: [DEV] [DEV] (Send identity matrix)  
09-11 21:55:23.483   601   621 W System  : A resource failed to call release. 
09-11 21:55:23.484  2629  2656 I SharedAudio: pcm peak=96 state=0
09-11 21:55:23.487  2629  2656 I MicroWakeWord: probability=0
09-11 21:55:23.511  2629  2656 I SharedAudio: pcm peak=124 state=0
09-11 21:55:23.514  2629  2656 I MicroWakeWord: probability=0
09-11 21:55:23.531  2629  2656 I SharedAudio: pcm peak=116 state=0
09-11 21:55:23.545  2629  2656 I SharedAudio: pcm peak=97 state=0
09-11 21:55:23.548  2629  2656 I MicroWakeWord: probability=0
09-11 21:55:23.559  2629  2656 I SharedAudio: pcm peak=110 state=0
09-11 21:55:23.561  2629  2656 I MicroWakeWord: probability=0
09-11 21:55:23.593  2629  2656 I SharedAudio: pcm peak=123 state=0
09-11 21:55:23.608  2629  2656 I SharedAudio: pcm peak=103 state=0
09-11 21:55:23.610  2629  2656 I MicroWakeWord: probability=0
09-11 21:55:23.628  2629  2656 I SharedAudio: pcm peak=131 state=0
09-11 21:55:23.630  2629  2656 I MicroWakeWord: probability=0
09-11 21:55:23.643  2629  2656 I SharedAudio: pcm peak=113 state=0
09-11 21:55:23.677  2629  2656 I SharedAudio: pcm peak=127 state=0
09-11 21:55:23.679  2629  2656 I MicroWakeWord: probability=0
09-11 21:55:23.692  2629  2656 I SharedAudio: pcm peak=110 state=0
09-11 21:55:23.694  2629  2656 I MicroWakeWord: probability=0
09-11 21:55:23.704  2629  2656 I SharedAudio: pcm peak=112 state=0
09-11 21:55:23.725  2629  2656 I SharedAudio: pcm peak=109 state=0
09-11 21:55:23.727  2629  2656 I MicroWakeWord: probability=0
09-11 21:55:23.752  2629  2656 I SharedAudio: pcm peak=102 state=0
09-11 21:55:23.753  2629  2656 I MicroWakeWord: probability=0
09-11 21:55:23.772  2629  2656 I SharedAudio: pcm peak=106 state=0
09-11 21:55:23.786  2629  2656 I SharedAudio: pcm peak=119 state=0
09-11 21:55:23.787  2629  2656 I MicroWakeWord: probability=0
09-11 21:55:23.800  2629  2656 I SharedAudio: pcm peak=116 state=0
09-11 21:55:23.801  2629  2656 I MicroWakeWord: probability=0
09-11 21:55:23.835  2629  2656 I SharedAudio: pcm peak=112 state=0
09-11 21:55:23.848  2629  2656 I SharedAudio: pcm peak=108 state=0
09-11 21:55:23.851  2629  2656 I MicroWakeWord: probability=0
09-11 21:55:23.869  2629  2656 I SharedAudio: pcm peak=109 state=0
09-11 21:55:23.873  2629  2656 I MicroWakeWord: probability=0
09-11 21:55:23.883  2629  2656 I SharedAudio: pcm peak=115 state=0
09-11 21:55:23.918  2629  2656 I SharedAudio: pcm peak=110 state=0
09-11 21:55:23.922  2629  2656 I MicroWakeWord: probability=0
09-11 21:55:23.931  2629  2656 I SharedAudio: pcm peak=93 state=0
09-11 21:55:23.935  2629  2656 I MicroWakeWord: probability=0
09-11 21:55:23.945  2629  2656 I SharedAudio: pcm peak=106 state=0
09-11 21:55:23.966  2629  2656 I SharedAudio: pcm peak=121 state=0
09-11 21:55:23.970  2629  2656 I MicroWakeWord: probability=1
09-11 21:55:23.994  2629  2656 I SharedAudio: pcm peak=116 state=0
09-11 21:55:23.998  2629  2656 I MicroWakeWord: probability=2
09-11 21:55:24.014  2629  2656 I SharedAudio: pcm peak=121 state=0
09-11 21:55:24.028  2629  2656 I SharedAudio: pcm peak=119 state=0
09-11 21:55:24.032  2629  2656 I MicroWakeWord: probability=3
09-11 21:55:24.044  2629  2656 I SharedAudio: pcm peak=105 state=0
09-11 21:55:24.048  2629  2656 I MicroWakeWord: probability=3
09-11 21:55:24.079  2629  2656 I SharedAudio: pcm peak=111 state=0
09-11 21:55:24.091  2629  2656 I SharedAudio: pcm peak=122 state=0
09-11 21:55:24.096  2629  2656 I MicroWakeWord: probability=2
09-11 21:55:24.113  2629  2656 I SharedAudio: pcm peak=109 state=0
09-11 21:55:24.115  2629  2656 I MicroWakeWord: probability=2
09-11 21:55:24.126  2629  2656 I SharedAudio: pcm peak=102 state=0
09-11 21:55:24.153  2629  2656 I SharedAudio: pcm peak=126 state=0
09-11 21:55:24.155  2629  2656 I MicroWakeWord: probability=2
09-11 21:55:24.174  2629  2656 I SharedAudio: pcm peak=111 state=0
09-11 21:55:24.177  2629  2656 I MicroWakeWord: probability=2
09-11 21:55:24.188  2629  2656 I SharedAudio: pcm peak=127 state=0
09-11 21:55:24.202  2629  2656 I SharedAudio: pcm peak=106 state=0
09-11 21:55:24.203  2629  2656 I MicroWakeWord: probability=1
09-11 21:55:24.236  2629  2656 I SharedAudio: pcm peak=126 state=0
09-11 21:55:24.237  2629  2656 I MicroWakeWord: probability=0
09-11 21:55:24.250  2629  2656 I SharedAudio: pcm peak=103 state=0
09-11 21:55:24.271  2629  2656 I SharedAudio: pcm peak=110 state=0
09-11 21:55:24.272  2629  2656 I MicroWakeWord: probability=0
09-11 21:55:24.285  2629  2656 I SharedAudio: pcm peak=132 state=0
09-11 21:55:24.286  2629  2656 I MicroWakeWord: probability=0
09-11 21:55:24.319  2629  2656 I SharedAudio: pcm peak=106 state=0
09-11 21:55:24.333  2629  2656 I SharedAudio: pcm peak=102 state=0
09-11 21:55:24.334  2629  2656 I MicroWakeWord: probability=0
09-11 21:55:24.347  2629  2656 I SharedAudio: pcm peak=116 state=0
09-11 21:55:24.348  2629  2656 I MicroWakeWord: probability=0
09-11 21:55:24.368  2629  2656 I SharedAudio: pcm peak=109 state=0
09-11 21:55:24.396  2629  2656 I SharedAudio: pcm peak=136 state=0
09-11 21:55:24.397  2629  2656 I MicroWakeWord: probability=0
09-11 21:55:24.410  2629  2656 I SharedAudio: pcm peak=101 state=0
09-11 21:55:24.411  2629  2656 I MicroWakeWord: probability=0
09-11 21:55:24.431  2629  2656 I SharedAudio: pcm peak=102 state=0
09-11 21:55:24.446  2629  2656 I SharedAudio: pcm peak=123 state=0
09-11 21:55:24.447  2629  2656 I MicroWakeWord: probability=0
09-11 21:55:24.479  2629  2656 I SharedAudio: pcm peak=97 state=0
09-11 21:55:24.480  2629  2656 I MicroWakeWord: probability=0
09-11 21:55:24.493  2629  2656 I SharedAudio: pcm peak=110 state=0
09-11 21:55:24.507  2629  2656 I SharedAudio: pcm peak=132 state=0
09-11 21:55:24.508  2629  2656 I MicroWakeWord: probability=0
09-11 21:55:24.529  2629  2656 I SharedAudio: pcm peak=128 state=0
09-11 21:55:24.531  2629  2656 I MicroWakeWord: probability=0
09-11 21:55:24.556  2629  2656 I SharedAudio: pcm peak=113 state=0
09-11 21:55:24.576  2629  2656 I SharedAudio: pcm peak=101 state=0
09-11 21:55:24.577  2629  2656 I MicroWakeWord: probability=0
09-11 21:55:24.590  2629  2656 I SharedAudio: pcm peak=106 state=0
09-11 21:55:24.591  2629  2656 I MicroWakeWord: probability=0
09-11 21:55:24.604  2629  2656 I SharedAudio: pcm peak=125 state=0
09-11 21:55:24.639  2629  2656 I SharedAudio: pcm peak=98 state=0
09-11 21:55:24.640  2629  2656 I MicroWakeWord: probability=0
09-11 21:55:24.653  2629  2656 I SharedAudio: pcm peak=95 state=0
09-11 21:55:24.654  2629  2656 I MicroWakeWord: probability=0
09-11 21:55:24.667  2629  2656 I SharedAudio: pcm peak=123 state=0
09-11 21:55:24.688  2629  2656 I SharedAudio: pcm peak=104 state=0
09-11 21:55:24.689  2629  2656 I MicroWakeWord: probability=0
09-11 21:55:24.715  2629  2656 I SharedAudio: pcm peak=109 state=0
09-11 21:55:24.717  2629  2656 I MicroWakeWord: probability=0
09-11 21:55:24.736  2629  2656 I SharedAudio: pcm peak=111 state=0
09-11 21:55:24.750  2629  2656 I SharedAudio: pcm peak=92 state=0
09-11 21:55:24.751  2629  2656 I MicroWakeWord: probability=0
09-11 21:55:24.764  2629  2656 I SharedAudio: pcm peak=121 state=0
09-11 21:55:24.765  2629  2656 I MicroWakeWord: probability=0
09-11 21:55:24.799  2629  2656 I SharedAudio: pcm peak=91 state=0
09-11 21:55:24.812  2629  2656 I SharedAudio: pcm peak=111 state=0
09-11 21:55:24.813  2629  2656 I MicroWakeWord: probability=0
09-11 21:55:24.833  2629  2656 I SharedAudio: pcm peak=96 state=0
09-11 21:55:24.834  2629  2656 I MicroWakeWord: probability=0
09-11 21:55:24.847  2629  2656 I SharedAudio: pcm peak=113 state=0
09-11 21:55:24.865   256   371 I hwcomposer: [DEV] [DEV] (Send identity matrix)  
09-11 21:55:24.875  2629  2656 I SharedAudio: pcm peak=95 state=0
09-11 21:55:24.876  2629  2656 I MicroWakeWord: probability=0
09-11 21:55:24.879   256   371 I hwcomposer: [DEV] [DEV] (Send identity matrix)  
09-11 21:55:24.896  2629  2656 I SharedAudio: pcm peak=124 state=0
09-11 21:55:24.897  2629  2656 I MicroWakeWord: probability=0
09-11 21:55:24.910  2629  2656 I SharedAudio: pcm peak=103 state=0
09-11 21:55:24.924  2629  2656 I SharedAudio: pcm peak=106 state=0
09-11 21:55:24.925  2629  2656 I MicroWakeWord: probability=0
09-11 21:55:24.959  2629  2656 I SharedAudio: pcm peak=118 state=0
09-11 21:55:24.960  2629  2656 I MicroWakeWord: probability=0
09-11 21:55:24.973  2629  2656 I SharedAudio: pcm peak=113 state=0
09-11 21:55:24.994  2629  2656 I SharedAudio: pcm peak=103 state=0
09-11 21:55:24.995  2629  2656 I MicroWakeWord: probability=0
09-11 21:55:25.008  2629  2656 I SharedAudio: pcm peak=116 state=0
09-11 21:55:25.009  2629  2656 I MicroWakeWord: probability=0
09-11 21:55:25.036  2629  2656 I SharedAudio: pcm peak=109 state=0
09-11 21:55:25.057  2629  2656 I SharedAudio: pcm peak=101 state=0
09-11 21:55:25.058  2629  2656 I MicroWakeWord: probability=0
09-11 21:55:25.066   256   371 I hwcomposer: [DEV] [DEV] (Send identity matrix)  
09-11 21:55:25.071  2629  2656 I SharedAudio: pcm peak=101 state=0
09-11 21:55:25.072  2629  2656 I MicroWakeWord: probability=0
09-11 21:55:25.082   256   371 I hwcomposer: [DEV] [DEV] (Send identity matrix)  
09-11 21:55:25.085  2629  2656 I SharedAudio: pcm peak=113 state=0
09-11 21:55:25.119  2629  2656 I SharedAudio: pcm peak=122 state=0
09-11 21:55:25.120  2629  2656 I MicroWakeWord: probability=0
09-11 21:55:25.139  2629  2656 I SharedAudio: pcm peak=113 state=0
09-11 21:55:25.140  2629  2656 I MicroWakeWord: probability=0
09-11 21:55:25.153  2629  2656 I SharedAudio: pcm peak=106 state=0
09-11 21:55:25.167  2629  2656 I SharedAudio: pcm peak=102 state=0
09-11 21:55:25.168  2629  2656 I MicroWakeWord: probability=0
09-11 21:55:25.202  2629  2656 I SharedAudio: pcm peak=98 state=0
09-11 21:55:25.203  2629  2656 I MicroWakeWord: probability=0
09-11 21:55:25.216  2629  2656 I SharedAudio: pcm peak=88 state=0
09-11 21:55:25.230  2629  2656 I SharedAudio: pcm peak=99 state=0
09-11 21:55:25.231  2629  2656 I MicroWakeWord: probability=0
09-11 21:55:25.251  2629  2656 I SharedAudio: pcm peak=101 state=0
09-11 21:55:25.252  2629  2656 I MicroWakeWord: probability=0
09-11 21:55:25.267   256   371 I hwcomposer: [DEV] [DEV] (Send identity matrix)  
09-11 21:55:25.280  2629  2656 I SharedAudio: pcm peak=83 state=0
09-11 21:55:25.283   256   371 I hwcomposer: [DEV] [DEV] (Send identity matrix)  
09-11 21:55:25.299  2629  2656 I SharedAudio: pcm peak=113 state=0
09-11 21:55:25.300  2629  2656 I MicroWakeWord: probability=0
09-11 21:55:25.313  2629  2656 I SharedAudio: pcm peak=96 state=0
09-11 21:55:25.314  2629  2656 I MicroWakeWord: probability=0
09-11 21:55:25.326  2629  2656 I SharedAudio: pcm peak=89 state=0
09-11 21:55:25.359  2629  2629 I PuckService: transport=relay connecting to relay
09-11 21:55:25.361  2629  2656 I SharedAudio: pcm peak=93 state=0
09-11 21:55:25.363  2629  2656 I MicroWakeWord: probability=0
09-11 21:55:25.376  2629  2656 I SharedAudio: pcm peak=93 state=0
09-11 21:55:25.377  2629  2656 I MicroWakeWord: probability=0
09-11 21:55:25.392  2629  2656 I SharedAudio: pcm peak=112 state=0
09-11 21:55:25.410  2629  2656 I SharedAudio: pcm peak=146 state=0
09-11 21:55:25.411  2629  2656 I MicroWakeWord: probability=0
09-11 21:55:25.438  2629  2656 I SharedAudio: pcm peak=106 state=0
09-11 21:55:25.439  2629  2656 I MicroWakeWord: probability=0
09-11 21:55:25.459  2629  2656 I SharedAudio: pcm peak=95 state=0
09-11 21:55:25.468   256   371 I hwcomposer: [DEV] [DEV] (Send identity matrix)  
09-11 21:55:25.473  2629  2656 I SharedAudio: pcm peak=105 state=0
09-11 21:55:25.474  2629  2656 I MicroWakeWord: probability=0
09-11 21:55:25.483  2629  2629 W PuckService: Connection failed: Failed to connect to /192.168.1.193:8787
09-11 21:55:25.484   256   371 I hwcomposer: [DEV] [DEV] (Send identity matrix)  
09-11 21:55:25.487  2629  2656 I SharedAudio: pcm peak=131 state=0
09-11 21:55:25.488  2629  2656 I MicroWakeWord: probability=0
09-11 21:55:25.490  2629  2629 I PuckService: disconnected reason=Relay unavailable retry_ms=4000
09-11 21:55:25.521  2629  2656 I SharedAudio: pcm peak=114 state=0
09-11 21:55:25.535  2629  2656 I SharedAudio: pcm peak=109 state=0
09-11 21:55:25.536  2629  2656 I MicroWakeWord: probability=0
09-11 21:55:25.556  2629  2656 I SharedAudio: pcm peak=133 state=0
09-11 21:55:25.557  2629  2656 I MicroWakeWord: probability=0
09-11 21:55:25.559  2629  2656 I SharedAudio: pcm peak=95 state=0
09-11 21:55:25.598  2629  2656 I SharedAudio: pcm peak=82 state=0
09-11 21:55:25.600  2629  2656 I MicroWakeWord: probability=0
09-11 21:55:25.602   256   371 I hwcomposer: [DEV] [DEV] (Send identity matrix)  
09-11 21:55:25.619  2629  2656 I SharedAudio: pcm peak=88 state=0
09-11 21:55:25.620  2629  2656 I MicroWakeWord: probability=0
09-11 21:55:25.633  2629  2656 I SharedAudio: pcm peak=106 state=0
09-11 21:55:25.647  2629  2656 I SharedAudio: pcm peak=98 state=0
09-11 21:55:25.648  2629  2656 I MicroWakeWord: probability=0
09-11 21:55:25.667   441  1157 E TaskPersister: File error accessing recents directory (directory doesn't exist?).
09-11 21:55:25.682  2629  2656 I SharedAudio: pcm peak=99 state=0
09-11 21:55:25.683  2629  2656 I MicroWakeWord: probability=0
09-11 21:55:25.696  2629  2656 I SharedAudio: pcm peak=97 state=0
09-11 21:55:25.700   256   371 I hwcomposer: [DEV] [DEV] (Send identity matrix)  
09-11 21:55:25.718  2629  2656 I SharedAudio: pcm peak=91 state=0
09-11 21:55:25.720   256   371 I hwcomposer: [DEV] [DEV] (Send identity matrix)  
09-11 21:55:25.720  2629  2656 I MicroWakeWord: probability=0
09-11 21:55:25.721  2629  2656 I SharedAudio: pcm peak=94 state=0
09-11 21:55:25.722  2629  2656 I MicroWakeWord: probability=0
09-11 21:55:25.759  2629  2656 I SharedAudio: pcm peak=96 state=0
09-11 21:55:25.780  2629  2656 I SharedAudio: pcm peak=100 state=0
09-11 21:55:25.781  2629  2656 I MicroWakeWord: probability=0
09-11 21:55:25.794  2629  2656 I SharedAudio: pcm peak=108 state=0
09-11 21:55:25.795  2629  2656 I MicroWakeWord: probability=0
09-11 21:55:25.808  2629  2656 I SharedAudio: pcm peak=108 state=0
09-11 21:55:25.829  2629  2656 I SharedAudio: pcm peak=114 state=0
09-11 21:55:25.830  2629  2656 I MicroWakeWord: probability=0
09-11 21:55:25.856  2629  2656 I SharedAudio: pcm peak=117 state=0
09-11 21:55:25.858  2629  2656 I MicroWakeWord: probability=0
09-11 21:55:25.878  2629  2656 I SharedAudio: pcm peak=82 state=0
09-11 21:55:25.880  2629  2656 I SharedAudio: pcm peak=105 state=0
09-11 21:55:25.881  2629  2656 I MicroWakeWord: probability=0
09-11 21:55:25.901   256   371 I hwcomposer: [DEV] [DEV] (Send identity matrix)  
09-11 21:55:25.926  2629  2656 I SharedAudio: pcm peak=102 state=0
09-11 21:55:25.927  2629  2656 I MicroWakeWord: probability=0
09-11 21:55:25.929  2629  2656 I SharedAudio: pcm peak=115 state=0
09-11 21:55:25.954  2629  2656 I SharedAudio: pcm peak=107 state=0
09-11 21:55:25.955  2629  2656 I MicroWakeWord: probability=0
09-11 21:55:25.968  2629  2656 I SharedAudio: pcm peak=83 state=0
09-11 21:55:25.969  2629  2656 I MicroWakeWord: probability=0
09-11 21:55:25.989  2629  2656 I SharedAudio: pcm peak=85 state=0
09-11 21:55:26.017  2629  2656 I SharedAudio: pcm peak=105 state=0
09-11 21:55:26.018  2629  2656 I MicroWakeWord: probability=0
09-11 21:55:26.038  2629  2656 I SharedAudio: pcm peak=115 state=0
09-11 21:55:26.039  2629  2656 I MicroWakeWord: probability=0
09-11 21:55:26.041  2629  2656 I SharedAudio: pcm peak=97 state=0
09-11 21:55:26.071   256   371 I hwcomposer: [DEV] [DEV] (Send identity matrix)  
09-11 21:55:26.087  2629  2656 I SharedAudio: pcm peak=98 state=0
09-11 21:55:26.089  2629  2656 I MicroWakeWord: probability=0
09-11 21:55:26.090  2629  2656 I SharedAudio: pcm peak=98 state=0
09-11 21:55:26.091  2629  2656 I MicroWakeWord: probability=0
09-11 21:55:26.104   256   371 I hwcomposer: [DEV] [DEV] (Send identity matrix)  
09-11 21:55:26.114  2629  2656 I SharedAudio: pcm peak=108 state=0
09-11 21:55:26.134  2629  2656 I SharedAudio: pcm peak=96 state=0
09-11 21:55:26.135  2629  2656 I MicroWakeWord: probability=0
09-11 21:55:26.162  2629  2656 I SharedAudio: pcm peak=123 state=0
09-11 21:55:26.163  2629  2656 I MicroWakeWord: probability=0
09-11 21:55:26.183  2629  2656 I SharedAudio: pcm peak=97 state=0
09-11 21:55:26.185  2629  2656 I SharedAudio: pcm peak=110 state=0
09-11 21:55:26.186  2629  2656 I MicroWakeWord: probability=0
09-11 21:55:26.197  2629  2656 I SharedAudio: pcm peak=97 state=0
09-11 21:55:26.198  2629  2656 I MicroWakeWord: probability=0
09-11 21:55:26.246  2629  2656 I SharedAudio: pcm peak=107 state=0
09-11 21:55:26.248  2629  2656 I SharedAudio: pcm peak=97 state=0
09-11 21:55:26.249  2629  2656 I MicroWakeWord: probability=0
09-11 21:55:26.260  2629  2656 I SharedAudio: pcm peak=95 state=0
09-11 21:55:26.262  2629  2656 I MicroWakeWord: probability=0
09-11 21:55:26.272   256   371 I hwcomposer: [DEV] [DEV] (Send identity matrix)  
09-11 21:55:26.295  2629  2656 I SharedAudio: pcm peak=111 state=0
09-11 21:55:26.305   256   371 I hwcomposer: [DEV] [DEV] (Send identity matrix)  
09-11 21:55:26.309  2629  2656 I SharedAudio: pcm peak=108 state=0
09-11 21:55:26.310  2629  2656 I MicroWakeWord: probability=0
09-11 21:55:26.344  2629  2656 I SharedAudio: pcm peak=107 state=0
09-11 21:55:26.345  2629  2656 I MicroWakeWord: probability=0
09-11 21:55:26.346  2629  2656 I SharedAudio: pcm peak=109 state=0
09-11 21:55:26.357  2629  2656 I SharedAudio: pcm peak=114 state=0
09-11 21:55:26.358  2629  2656 I MicroWakeWord: probability=0
09-11 21:55:26.406  2629  2656 I SharedAudio: pcm peak=84 state=0
09-11 21:55:26.407  2629  2656 I MicroWakeWord: probability=0
09-11 21:55:26.409  2629  2656 I SharedAudio: pcm peak=84 state=0
09-11 21:55:26.434  2629  2656 I SharedAudio: pcm peak=98 state=0
09-11 21:55:26.435  2629  2656 I MicroWakeWord: probability=0
09-11 21:55:26.455  2629  2656 I SharedAudio: pcm peak=126 state=0
09-11 21:55:26.456  2629  2656 I MicroWakeWord: probability=0
09-11 21:55:26.469  2629  2656 I SharedAudio: pcm peak=93 state=0
09-11 21:55:26.473   256   371 I hwcomposer: [DEV] [DEV] (Send identity matrix)  
09-11 21:55:26.506  2629  2656 I SharedAudio: pcm peak=106 state=0
09-11 21:55:26.506   256   371 I hwcomposer: [DEV] [DEV] (Send identity matrix)  
09-11 21:55:26.507  2629  2656 I MicroWakeWord: probability=0
09-11 21:55:26.508  2629  2656 I SharedAudio: pcm peak=90 state=0
09-11 21:55:26.510  2629  2656 I MicroWakeWord: probability=0
09-11 21:55:26.518  2629  2656 I SharedAudio: pcm peak=82 state=0
09-11 21:55:26.567  2629  2656 I SharedAudio: pcm peak=108 state=0
09-11 21:55:26.568  2629  2656 I MicroWakeWord: probability=0
09-11 21:55:26.570  2629  2656 I SharedAudio: pcm peak=76 state=0
09-11 21:55:26.571  2629  2656 I MicroWakeWord: probability=0
09-11 21:55:26.581  2629  2656 I SharedAudio: pcm peak=116 state=0
09-11 21:55:26.616  2629  2656 I SharedAudio: pcm peak=82 state=0
09-11 21:55:26.617  2629  2656 I MicroWakeWord: probability=0
09-11 21:55:26.630  2629  2656 I SharedAudio: pcm peak=89 state=0
09-11 21:55:26.631  2629  2656 I MicroWakeWord: probability=0
09-11 21:55:26.666  2629  2656 I SharedAudio: pcm peak=84 state=0
09-11 21:55:26.668  2629  2656 I SharedAudio: pcm peak=114 state=0
09-11 21:55:26.669  2629  2656 I MicroWakeWord: probability=0
09-11 21:55:26.674   256   371 I hwcomposer: [DEV] [DEV] (Send identity matrix)  
09-11 21:55:26.678  2629  2656 I SharedAudio: pcm peak=95 state=0
09-11 21:55:26.679  2629  2656 I MicroWakeWord: probability=0
09-11 21:55:26.707   256   371 I hwcomposer: [DEV] [DEV] (Send identity matrix)  
09-11 21:55:26.713  2629  2656 I SharedAudio: pcm peak=112 state=0
09-11 21:55:26.727  2629  2656 I SharedAudio: pcm peak=71 state=0
09-11 21:55:26.728  2629  2656 I MicroWakeWord: probability=0
09-11 21:55:26.741  2629  2656 I SharedAudio: pcm peak=92 state=0
09-11 21:55:26.742  2629  2656 I MicroWakeWord: probability=0
09-11 21:55:26.776  2629  2656 I SharedAudio: pcm peak=112 state=0
09-11 21:55:26.790  2629  2656 I SharedAudio: pcm peak=141 state=0
09-11 21:55:26.791  2629  2656 I MicroWakeWord: probability=0
09-11 21:55:26.804  2629  2656 I SharedAudio: pcm peak=123 state=0
09-11 21:55:26.805  2629  2656 I MicroWakeWord: probability=0
09-11 21:55:26.825  2629  2656 I SharedAudio: pcm peak=143 state=0
09-11 21:55:26.839  2629  2656 I SharedAudio: pcm peak=110 state=0
09-11 21:55:26.840  2629  2656 I MicroWakeWord: probability=0
09-11 21:55:26.875   256   371 I hwcomposer: [DEV] [DEV] (Send identity matrix)  
09-11 21:55:26.888  2629  2656 I SharedAudio: pcm peak=124 state=0
09-11 21:55:26.889  2629  2656 I MicroWakeWord: probability=0
09-11 21:55:26.891  2629  2656 I SharedAudio: pcm peak=141 state=0
09-11 21:55:26.902  2629  2656 I SharedAudio: pcm peak=96 state=0
09-11 21:55:26.903  2629  2656 I MicroWakeWord: probability=0
09-11 21:55:26.908   256   371 I hwcomposer: [DEV] [DEV] (Send identity matrix)  
09-11 21:55:26.937  2629  2656 I SharedAudio: pcm peak=115 state=0
09-11 21:55:26.938  2629  2656 I MicroWakeWord: probability=0
09-11 21:55:26.951  2629  2656 I SharedAudio: pcm peak=119 state=0
09-11 21:55:26.964  2629  2656 I SharedAudio: pcm peak=93 state=0
09-11 21:55:26.966  2629  2656 I MicroWakeWord: probability=0
09-11 21:55:26.986  2629  2656 I SharedAudio: pcm peak=108 state=0
09-11 21:55:26.987  2629  2656 I MicroWakeWord: probability=0
09-11 21:55:26.999  2629  2656 I SharedAudio: pcm peak=111 state=0
09-11 21:55:27.049  2629  2656 I SharedAudio: pcm peak=126 state=0
09-11 21:55:27.050  2629  2656 I MicroWakeWord: probability=0
09-11 21:55:27.051  2629  2656 I SharedAudio: pcm peak=103 state=0
09-11 21:55:27.052  2629  2656 I MicroWakeWord: probability=0
09-11 21:55:27.063  2629  2656 I SharedAudio: pcm peak=112 state=0
09-11 21:55:27.076   256   371 I hwcomposer: [DEV] [DEV] (Send identity matrix)  
09-11 21:55:27.077  2629  2656 I SharedAudio: pcm peak=82 state=0
09-11 21:55:27.078  2629  2656 I MicroWakeWord: probability=0
09-11 21:55:27.109   256   371 I hwcomposer: [DEV] [DEV] (Send identity matrix)  
09-11 21:55:27.112  2629  2656 I SharedAudio: pcm peak=110 state=0
09-11 21:55:27.113  2629  2656 I MicroWakeWord: probability=0
09-11 21:55:27.126  2629  2656 I SharedAudio: pcm peak=96 state=0
09-11 21:55:27.146  2629  2656 I SharedAudio: pcm peak=108 state=0
09-11 21:55:27.147  2629  2656 I MicroWakeWord: probability=0
09-11 21:55:27.160  2629  2656 I SharedAudio: pcm peak=122 state=0
09-11 21:55:27.161  2629  2656 I MicroWakeWord: probability=0
09-11 21:55:27.195  2629  2656 I SharedAudio: pcm peak=116 state=0
09-11 21:55:27.209  2629  2656 I SharedAudio: pcm peak=101 state=0
09-11 21:55:27.210  2629  2656 I MicroWakeWord: probability=0
09-11 21:55:27.223  2629  2656 I SharedAudio: pcm peak=116 state=0
09-11 21:55:27.224  2629  2656 I MicroWakeWord: probability=0
09-11 21:55:27.237  2629  2656 I SharedAudio: pcm peak=108 state=0
09-11 21:55:27.271  2629  2656 I SharedAudio: pcm peak=120 state=0
09-11 21:55:27.272  2629  2656 I MicroWakeWord: probability=0
09-11 21:55:27.277   256   371 I hwcomposer: [DEV] [DEV] (Send identity matrix)  
09-11 21:55:27.285  2629  2656 I SharedAudio: pcm peak=110 state=0
09-11 21:55:27.286  2629  2656 I MicroWakeWord: probability=0
09-11 21:55:27.306  2629  2656 I SharedAudio: pcm peak=139 state=0
09-11 21:55:27.320  2629  2656 I SharedAudio: pcm peak=112 state=0
09-11 21:55:27.321  2629  2656 I MicroWakeWord: probability=0
09-11 21:55:27.326   256   371 I hwcomposer: [DEV] [DEV] (Send identity matrix)  
09-11 21:55:27.354  2629  2656 I SharedAudio: pcm peak=107 state=0
09-11 21:55:27.355  2629  2656 I MicroWakeWord: probability=0
09-11 21:55:27.368  2629  2656 I SharedAudio: pcm peak=108 state=0
09-11 21:55:27.382  2629  2656 I SharedAudio: pcm peak=109 state=0
09-11 21:55:27.383  2629  2656 I MicroWakeWord: probability=0
09-11 21:55:27.403  2629  2656 I SharedAudio: pcm peak=96 state=0
09-11 21:55:27.404  2629  2656 I MicroWakeWord: probability=0
09-11 21:55:27.431  2629  2656 I SharedAudio: pcm peak=124 state=0
09-11 21:55:27.445  2629  2656 I SharedAudio: pcm peak=88 state=0
09-11 21:55:27.446  2629  2656 I MicroWakeWord: probability=0
09-11 21:55:27.466  2629  2656 I SharedAudio: pcm peak=96 state=0
09-11 21:55:27.467  2629  2656 I MicroWakeWord: probability=0
09-11 21:55:27.478   256   371 I hwcomposer: [DEV] [DEV] (Send identity matrix)  
09-11 21:55:27.480  2629  2656 I SharedAudio: pcm peak=98 state=0
09-11 21:55:27.518  2629  2656 I SharedAudio: pcm peak=108 state=0
09-11 21:55:27.519  2629  2656 I MicroWakeWord: probability=0
09-11 21:55:27.528   256   371 I hwcomposer: [DEV] [DEV] (Send identity matrix)  
09-11 21:55:27.532  2629  2656 I SharedAudio: pcm peak=104 state=0
09-11 21:55:27.533  2629  2656 I MicroWakeWord: probability=0
09-11 21:55:27.546  2629  2656 I SharedAudio: pcm peak=103 state=0
